audit,strategy,model,protected_attribute,metric,value,ci_low,ci_high,p_value,significant,n_disadvantaged,n_advantaged,small_sample_warning,note
ai_fair_recruitment,baseline,logistic_regression,gender,demographic_parity_diff,-0.06555690919543475,-0.07372358211091862,-0.05740101183769435,0.0,True,8410,14652,False,
ai_fair_recruitment,baseline,logistic_regression,gender,disparate_impact_ratio,0.5272967974979395,0.48219606186525427,0.5742296301594224,0.0,True,8410,14652,False,
ai_fair_recruitment,baseline,logistic_regression,gender,equal_opportunity_diff,-0.12102900908460626,-0.14105606529310777,-0.09943832299823062,0.0,True,2066,3897,False,
ai_fair_recruitment,baseline,logistic_regression,gender,equalized_odds_diff,-0.12102900908460626,-0.14105606529310777,-0.09943832299823062,0.0,True,2066,3897,False,driven_by_tpr_gap
ai_fair_recruitment,baseline,logistic_regression,gender,predictive_parity_diff,-0.0011586966263363863,-0.04691443009410405,0.04296187824082968,0.9625,False,615,2032,False,
ai_fair_recruitment,baseline,logistic_regression,gender,accuracy_equality_diff,0.014979161411979525,0.0035764520871535976,0.026787340253451992,0.01,True,8410,14652,False,
ai_fair_recruitment,baseline,random_forest,gender,demographic_parity_diff,-0.04769847136077815,-0.05856910648081873,-0.036869910257246764,0.0,True,8410,14652,False,
ai_fair_recruitment,baseline,random_forest,gender,disparate_impact_ratio,0.7882197274625551,0.7450954843738385,0.8329555064287831,0.0,True,8410,14652,False,
ai_fair_recruitment,baseline,random_forest,gender,equal_opportunity_diff,-0.05806300723792546,-0.08223430799525339,-0.03285801921253499,0.0,True,2066,3897,False,
ai_fair_recruitment,baseline,random_forest,gender,equalized_odds_diff,-0.05806300723792546,-0.08223430799525339,-0.03285801921253499,0.0,True,2066,3897,False,driven_by_tpr_gap
ai_fair_recruitment,baseline,random_forest,gender,predictive_parity_diff,-0.008763116767135537,-0.03860630416692039,0.022644527999350458,0.5615,False,1493,3300,False,
ai_fair_recruitment,baseline,random_forest,gender,accuracy_equality_diff,0.025148957194141563,0.013178672673321885,0.0374910138762696,0.0,True,8410,14652,False,
ai_fair_recruitment,baseline,gradient_boosting,gender,demographic_parity_diff,-0.06089947909210691,-0.06892504235399598,-0.05306237163549887,0.0,True,8410,14652,False,
ai_fair_recruitment,baseline,gradient_boosting,gender,disparate_impact_ratio,0.5187205415582926,0.47062429359917507,0.5683550753607967,0.0,True,8410,14652,False,
ai_fair_recruitment,baseline,gradient_boosting,gender,equal_opportunity_diff,-0.11103224090017866,-0.13124598972923543,-0.09000258594927812,0.0,True,2066,3897,False,
ai_fair_recruitment,baseline,gradient_boosting,gender,equalized_odds_diff,-0.11103224090017866,-0.13124598972923543,-0.09000258594927812,0.0,True,2066,3897,False,driven_by_tpr_gap
ai_fair_recruitment,baseline,gradient_boosting,gender,predictive_parity_diff,0.008846911495708487,-0.041024547394587545,0.054791344214624026,0.7365,False,552,1854,False,
ai_fair_recruitment,baseline,gradient_boosting,gender,accuracy_equality_diff,0.016150627981781462,0.004801120843035279,0.028004307139265515,0.0055,True,8410,14652,False,
ai_fair_recruitment,unawareness,logistic_regression,gender,demographic_parity_diff,-0.006532351181578286,-0.014847725657773219,0.002240628234980194,0.1355,False,8410,14652,False,
ai_fair_recruitment,unawareness,logistic_regression,gender,disparate_impact_ratio,0.9439957934822404,0.8758976329531846,1.0194603676247063,0.1275,False,8410,14652,False,
ai_fair_recruitment,unawareness,logistic_regression,gender,equal_opportunity_diff,0.00017848266631492749,-0.02137120333088153,0.024234505605498394,1.0,False,2066,3897,False,
ai_fair_recruitment,unawareness,logistic_regression,gender,equalized_odds_diff,-0.004214277883596768,-0.011850425664944837,0.00397154385215122,0.317,False,6344,10755,False,driven_by_fpr_gap
ai_fair_recruitment,unawareness,logistic_regression,gender,predictive_parity_diff,-0.011376058902999864,-0.04807350110645319,0.029222421129656555,0.562,False,926,1709,False,
ai_fair_recruitment,unawareness,logistic_regression,gender,accuracy_equality_diff,0.017205314708287345,0.0051962948247134015,0.029224507179322845,0.003,True,8410,14652,False,
ai_fair_recruitment,unawareness,random_forest,gender,demographic_parity_diff,-0.007137788528989469,-0.018221035190416877,0.0032514377148740907,0.188,False,8410,14652,False,
ai_fair_recruitment,unawareness,random_forest,gender,disparate_impact_ratio,0.9667252974909919,0.9168981054004498,1.0153158691125164,0.188,False,8410,14652,False,
ai_fair_recruitment,unawareness,random_forest,gender,equal_opportunity_diff,0.010192142738438326,-0.01574340079903597,0.03688621897699252,0.421,False,2066,3897,False,
ai_fair_recruitment,unawareness,random_forest,gender,equalized_odds_diff,0.010192142738438326,-0.01574340079903597,0.03688621897699252,0.421,False,2066,3897,False,driven_by_tpr_gap
ai_fair_recruitment,unawareness,random_forest,gender,predictive_parity_diff,-0.006007415634568747,-0.03395082854866061,0.0223442284368642,0.6605,False,1744,3143,False,
ai_fair_recruitment,unawareness,random_forest,gender,accuracy_equality_diff,0.01916575531319875,0.006893684166276312,0.03191622089065616,0.004,True,8410,14652,False,
ai_fair_recruitment,unawareness,gradient_boosting,gender,demographic_parity_diff,-0.0049794470721938044,-0.012767091894618648,0.002913548750350164,0.219,False,8410,14652,False,
ai_fair_recruitment,unawareness,gradient_boosting,gender,disparate_impact_ratio,0.9459569876566172,0.8661070832886755,1.0322931072904424,0.219,False,8410,14652,False,
ai_fair_recruitment,unawareness,gradient_boosting,gender,equal_opportunity_diff,-0.0012942166896321716,-0.02174375639811298,0.02019085473200152,0.908,False,2066,3897,False,
ai_fair_recruitment,unawareness,gradient_boosting,gender,equalized_odds_diff,-0.0024809862916043077,-0.009046808340998611,0.004624794737542525,0.508,False,6344,10755,False,driven_by_fpr_gap
ai_fair_recruitment,unawareness,gradient_boosting,gender,predictive_parity_diff,-0.016791470870597736,-0.06022214643019552,0.027297180536607527,0.491,False,733,1350,False,
ai_fair_recruitment,unawareness,gradient_boosting,gender,accuracy_equality_diff,0.016815534591991255,0.005153582941930214,0.028686382577583595,0.003,True,8410,14652,False,
ai_fair_recruitment,unawareness_proxy_removal,logistic_regression,gender,demographic_parity_diff,-0.006532351181578286,-0.014847725657773219,0.002240628234980194,0.1355,False,8410,14652,False,
ai_fair_recruitment,unawareness_proxy_removal,logistic_regression,gender,disparate_impact_ratio,0.9439957934822404,0.8758976329531846,1.0194603676247063,0.1275,False,8410,14652,False,
ai_fair_recruitment,unawareness_proxy_removal,logistic_regression,gender,equal_opportunity_diff,0.00017848266631492749,-0.02137120333088153,0.024234505605498394,1.0,False,2066,3897,False,
ai_fair_recruitment,unawareness_proxy_removal,logistic_regression,gender,equalized_odds_diff,-0.004214277883596768,-0.011850425664944837,0.00397154385215122,0.317,False,6344,10755,False,driven_by_fpr_gap
ai_fair_recruitment,unawareness_proxy_removal,logistic_regression,gender,predictive_parity_diff,-0.011376058902999864,-0.04807350110645319,0.029222421129656555,0.562,False,926,1709,False,
ai_fair_recruitment,unawareness_proxy_removal,logistic_regression,gender,accuracy_equality_diff,0.017205314708287345,0.0051962948247134015,0.029224507179322845,0.003,True,8410,14652,False,
ai_fair_recruitment,unawareness_proxy_removal,random_forest,gender,demographic_parity_diff,-0.0071317182494352455,-0.015564206109687683,0.0017133092177681992,0.1035,False,8410,14652,False,
ai_fair_recruitment,unawareness_proxy_removal,random_forest,gender,disparate_impact_ratio,0.9373918403499281,0.8669635868880858,1.0155681894242758,0.1035,False,8410,14652,False,
ai_fair_recruitment,unawareness_proxy_removal,random_forest,gender,equal_opportunity_diff,0.006547469557961677,-0.0154984808479529,0.029017033729870384,0.586,False,2066,3897,False,
ai_fair_recruitment,unawareness_proxy_removal,random_forest,gender,equalized_odds_diff,-0.007500529094945724,-0.01521297317356718,0.0003960726352094066,0.0655,False,6344,10755,False,driven_by_fpr_gap
ai_fair_recruitment,unawareness_proxy_removal,random_forest,gender,predictive_parity_diff,0.007344061298591775,-0.03299549895180147,0.04776008465653658,0.732,False,898,1669,False,
ai_fair_recruitment,unawareness_proxy_removal,random_forest,gender,accuracy_equality_diff,0.021507195228954945,0.009952967506475207,0.03319882145684762,0.0,True,8410,14652,False,
ai_fair_recruitment,unawareness_proxy_removal,gradient_boosting,gender,demographic_parity_diff,-0.005950415879072246,-0.013916901037887947,0.0020370697689365814,0.141,False,8410,14652,False,
ai_fair_recruitment,unawareness_proxy_removal,gradient_boosting,gender,disparate_impact_ratio,0.9358465390112906,0.8564096445852852,1.022208372824225,0.1355,False,8410,14652,False,
ai_fair_recruitment,unawareness_proxy_removal,gradient_boosting,gender,equal_opportunity_diff,-0.006309616874598356,-0.026132203613820626,0.014744599626242123,0.5605,False,2066,3897,False,
ai_fair_recruitment,unawareness_proxy_removal,gradient_boosting,gender,equalized_odds_diff,-0.006309616874598356,-0.026132203613820626,0.014744599626242123,0.5605,False,2066,3897,False,driven_by_tpr_gap
ai_fair_recruitment,unawareness_proxy_removal,gradient_boosting,gender,predictive_parity_diff,-0.025191770741983865,-0.07278599292388636,0.02143959095628326,0.2805,False,730,1359,False,
ai_fair_recruitment,unawareness_proxy_removal,gradient_boosting,gender,accuracy_equality_diff,0.015197253247193787,0.003289303518197637,0.027274451378196896,0.01,True,8410,14652,False,
ai_fair_recruitment,in_processing,logistic_regression,gender,demographic_parity_diff,-0.006532351181578286,-0.014847725657773219,0.002240628234980194,0.1355,False,8410,14652,False,
ai_fair_recruitment,in_processing,logistic_regression,gender,disparate_impact_ratio,0.9439957934822404,0.8758976329531846,1.0194603676247063,0.1275,False,8410,14652,False,
ai_fair_recruitment,in_processing,logistic_regression,gender,equal_opportunity_diff,0.00017848266631492749,-0.02137120333088153,0.024234505605498394,1.0,False,2066,3897,False,
ai_fair_recruitment,in_processing,logistic_regression,gender,equalized_odds_diff,-0.004214277883596768,-0.011850425664944837,0.00397154385215122,0.317,False,6344,10755,False,driven_by_fpr_gap
ai_fair_recruitment,in_processing,logistic_regression,gender,predictive_parity_diff,-0.011376058902999864,-0.04807350110645319,0.029222421129656555,0.562,False,926,1709,False,
ai_fair_recruitment,in_processing,logistic_regression,gender,accuracy_equality_diff,0.017205314708287345,0.0051962948247134015,0.029224507179322845,0.003,True,8410,14652,False,
ai_fair_recruitment,in_processing,random_forest,gender,demographic_parity_diff,-0.0057560857798669846,-0.014112708130246766,0.0028665974102953904,0.187,False,8410,14652,False,
ai_fair_recruitment,in_processing,random_forest,gender,disparate_impact_ratio,0.9477463424869758,0.875733640833942,1.0269271362435004,0.187,False,8410,14652,False,
ai_fair_recruitment,in_processing,random_forest,gender,equal_opportunity_diff,0.005445646500982088,-0.017061228869925272,0.027909702178631226,0.6565,False,2066,3897,False,
ai_fair_recruitment,in_processing,random_forest,gender,equalized_odds_diff,0.005445646500982088,-0.017061228869925272,0.027909702178631226,0.6565,False,2066,3897,False,driven_by_tpr_gap
ai_fair_recruitment,in_processing,random_forest,gender,predictive_parity_diff,-0.0006463941649518246,-0.03860733812624728,0.04112517041942233,1.0,False,878,1614,False,
ai_fair_recruitment,in_processing,random_forest,gender,accuracy_equality_diff,0.01984038410911182,0.008198379981970897,0.03171148894543662,0.0,True,8410,14652,False,
ai_fair_recruitment,in_processing,gradient_boosting,gender,demographic_parity_diff,-0.006008992453701123,-0.013856875468052633,0.0020056792009823937,0.1455,False,8410,14652,False,
ai_fair_recruitment,in_processing,gradient_boosting,gender,disparate_impact_ratio,0.9388591238920054,0.8625758205783348,1.021485621116482,0.1455,False,8410,14652,False,
ai_fair_recruitment,in_processing,gradient_boosting,gender,equal_opportunity_diff,-0.0084038383337047,-0.028700099686978425,0.01362363657004259,0.4505,False,2066,3897,False,
ai_fair_recruitment,in_processing,gradient_boosting,gender,equalized_odds_diff,-0.0084038383337047,-0.028700099686978425,0.01362363657004259,0.4505,False,2066,3897,False,driven_by_tpr_gap
ai_fair_recruitment,in_processing,gradient_boosting,gender,predictive_parity_diff,-0.03147193585337915,-0.07420067296678122,0.013053407789232582,0.1515,False,776,1440,False,
ai_fair_recruitment,in_processing,gradient_boosting,gender,accuracy_equality_diff,0.013768254255769108,0.0016304214981384929,0.025601406454557454,0.019,True,8410,14652,False,
ai_fair_recruitment,post_processing,logistic_regression,gender,demographic_parity_diff,-0.0050101717759268305,-0.013461007218438847,0.0037532108370396046,0.235,False,8410,14652,False,
ai_fair_recruitment,post_processing,logistic_regression,gender,disparate_impact_ratio,0.9530336860457788,0.87877753541955,1.03635450536281,0.235,False,8410,14652,False,
ai_fair_recruitment,post_processing,logistic_regression,gender,equal_opportunity_diff,0.004250172831336219,-0.016797380068218393,0.02709933560231132,0.711,False,2066,3897,False,
ai_fair_recruitment,post_processing,logistic_regression,gender,equalized_odds_diff,0.004250172831336219,-0.016797380068218393,0.02709933560231132,0.711,False,2066,3897,False,driven_by_tpr_gap
ai_fair_recruitment,post_processing,logistic_regression,gender,predictive_parity_diff,-0.006564074934617414,-0.047720252326273103,0.03633537618839152,0.768,False,855,1563,False,
ai_fair_recruitment,post_processing,logistic_regression,gender,accuracy_equality_diff,0.01851753385641608,0.006450895009159077,0.03065810635519309,0.001,True,8410,14652,False,
ai_fair_recruitment,post_processing,random_forest,gender,demographic_parity_diff,0.0005188303642524733,-0.006500590553801024,0.007915631554157117,0.9,False,8410,14652,False,
ai_fair_recruitment,post_processing,random_forest,gender,disparate_impact_ratio,1.0066449345589563,0.9202394929341422,1.1038899709073409,0.9,False,8410,14652,False,
ai_fair_recruitment,post_processing,random_forest,gender,equal_opportunity_diff,0.024046719980445136,0.003161698712813317,0.044770243623250286,0.017,True,2066,3897,False,
ai_fair_recruitment,post_processing,random_forest,gender,equalized_odds_diff,0.024046719980445136,0.003161698712813317,0.044770243623250286,0.017,True,2066,3897,False,driven_by_tpr_gap
ai_fair_recruitment,post_processing,random_forest,gender,predictive_parity_diff,0.03255953577436188,-0.012626060588428207,0.0787880661320525,0.19,False,661,1144,False,
ai_fair_recruitment,post_processing,random_forest,gender,accuracy_equality_diff,0.025445978894254706,0.013904058907031478,0.03753579841867585,0.0,True,8410,14652,False,
ai_fair_recruitment,post_processing,gradient_boosting,gender,demographic_parity_diff,-0.007668045301814627,-0.016395335720543813,0.0013092830155850422,0.085,False,8410,14652,False,
ai_fair_recruitment,post_processing,gradient_boosting,gender,disparate_impact_ratio,0.9360550581440524,0.866867196819998,1.0110932901504657,0.081,False,8410,14652,False,
ai_fair_recruitment,post_processing,gradient_boosting,gender,equal_opportunity_diff,0.00042291821767731497,-0.02146333864185745,0.024358220052111457,0.971,False,2066,3897,False,
ai_fair_recruitment,post_processing,gradient_boosting,gender,equalized_odds_diff,-0.005608978023066785,-0.013722362483680127,0.0026900762600227533,0.1875,False,6344,10755,False,driven_by_fpr_gap
ai_fair_recruitment,post_processing,gradient_boosting,gender,predictive_parity_diff,-0.0063685934229184005,-0.04488281739868616,0.031506962464910304,0.78,False,944,1757,False,
ai_fair_recruitment,post_processing,gradient_boosting,gender,accuracy_equality_diff,0.018117122635553096,0.0067047592939387755,0.03014071200159195,0.0025,True,8410,14652,False,
benefits_denial,baseline,logistic_regression,sex,demographic_parity_diff,-0.11472268266596214,-0.12860364192059723,-0.10016254788496529,0.0,True,2153,4360,False,
benefits_denial,baseline,logistic_regression,sex,disparate_impact_ratio,0.31198363593913664,0.25348399013274053,0.3748140781379614,0.0,True,2153,4360,False,
benefits_denial,baseline,logistic_regression,sex,equal_opportunity_diff,-0.14590888987173817,-0.20522998673153467,-0.08631136665192404,0.0,True,238,1330,False,
benefits_denial,baseline,logistic_regression,sex,equalized_odds_diff,-0.14590888987173817,-0.20522998673153467,-0.08631136665192404,0.0,True,238,1330,False,driven_by_tpr_gap
benefits_denial,baseline,logistic_regression,sex,predictive_parity_diff,-0.19738651994497936,-0.29836933827864015,-0.1019063789546081,0.0,True,112,727,False,
benefits_denial,baseline,logistic_regression,sex,accuracy_equality_diff,0.1286767557110411,0.109559378422257,0.14736301118132583,0.0,True,2153,4360,False,
benefits_denial,baseline,logistic_regression,national_origin,demographic_parity_diff,0.14361937319093723,0.10951277572612038,0.1774193407525701,0.0,True,688,5825,False,
benefits_denial,baseline,logistic_regression,national_origin,disparate_impact_ratio,2.2637091959684934,1.9528353160904934,2.6103105464947203,0.0,True,688,5825,False,
benefits_denial,baseline,logistic_regression,national_origin,equal_opportunity_diff,0.36113306982872195,0.27911979325022807,0.4413532482010743,0.0,True,138,1430,False,
benefits_denial,baseline,logistic_regression,national_origin,equalized_odds_diff,0.36113306982872195,0.27911979325022807,0.4413532482010743,0.0,True,138,1430,False,driven_by_tpr_gap
benefits_denial,baseline,logistic_regression,national_origin,predictive_parity_diff,-0.17022547664157572,-0.2498389147763156,-0.08659770938945499,0.0,True,177,662,False,
benefits_denial,baseline,logistic_regression,national_origin,accuracy_equality_diff,0.016768889110689744,-0.013748328176464767,0.048358050953189013,0.2815,False,688,5825,False,
benefits_denial,baseline,logistic_regression,age,demographic_parity_diff,0.06491100857957642,0.039356776199055914,0.09203028036558304,0.0,True,944,5569,False,
benefits_denial,baseline,logistic_regression,age,disparate_impact_ratio,1.5435885406542529,1.3176506465900513,1.8009557939892946,0.0,True,944,5569,False,
benefits_denial,baseline,logistic_regression,age,equal_opportunity_diff,0.05419254658385092,-0.007927018633540376,0.11895186335403725,0.113,False,280,1288,False,
benefits_denial,baseline,logistic_regression,age,equalized_odds_diff,0.05419254658385092,-0.007927018633540376,0.11895186335403725,0.113,False,280,1288,False,driven_by_tpr_gap
benefits_denial,baseline,logistic_regression,age,predictive_parity_diff,-0.027266441966986354,-0.10606494684988325,0.05222539106386648,0.527,False,174,665,False,
benefits_denial,baseline,logistic_regression,age,accuracy_equality_diff,-0.05244300318652595,-0.08318951611676025,-0.02254438538398091,0.0,True,944,5569,False,
benefits_denial,baseline,logistic_regression,race,demographic_parity_diff,-0.03385525166319467,-0.058044224925146895,-0.010054805157956839,0.0115,True,690,5823,False,
benefits_denial,baseline,logistic_regression,race,disparate_impact_ratio,0.7443091549325659,0.5713944411726547,0.9212583230191548,0.0055,True,690,5823,False,
benefits_denial,baseline,logistic_regression,race,equal_opportunity_diff,0.11011719134687986,-0.0016704690936546096,0.22327167383383098,0.0395,True,82,1486,False,
benefits_denial,baseline,logistic_regression,race,equalized_odds_diff,0.11011719134687986,-0.0016704690936546096,0.22327167383383098,0.0395,True,82,1486,False,driven_by_tpr_gap
benefits_denial,baseline,logistic_regression,race,predictive_parity_diff,-0.12211032272831313,-0.24495641641870755,0.00289110780498963,0.045,True,68,771,False,
benefits_denial,baseline,logistic_regression,race,accuracy_equality_diff,0.10003509322103499,0.07401313382463846,0.1263611129777718,0.0,True,690,5823,False,
benefits_denial,baseline,logistic_regression,sex_x_national_origin,intersectional_demographic_parity_diff,-0.06078560575943888,-0.09431865337174412,-0.02120558299614987,0.0115,True,235,3907,False,
benefits_denial,baseline,logistic_regression,sex_x_age,intersectional_demographic_parity_diff,-0.06136567834681042,-0.09413842895648826,-0.025529457065845196,0.006,True,294,3710,False,
benefits_denial,baseline,logistic_regression,sex_x_race,intersectional_demographic_parity_diff,-0.1102395800115745,-0.13704809316278685,-0.08168544567669396,0.0,True,338,4008,False,
benefits_denial,baseline,logistic_regression,national_origin_x_age,intersectional_demographic_parity_diff,0.24782515230794566,0.14886380788159315,0.34668438637735777,0.0,True,88,4969,False,superadditive
benefits_denial,baseline,logistic_regression,national_origin_x_race,intersectional_demographic_parity_diff,0.10764621284755513,0.01934084372003843,0.20415957574304888,0.006,True,80,5215,False,
benefits_denial,baseline,logistic_regression,age_x_race,intersectional_demographic_parity_diff,0.05853327463496956,-0.024034687064348068,0.14904385868368913,0.1685,False,77,4956,False,
benefits_denial,baseline,random_forest,sex,demographic_parity_diff,-0.1774336641426301,-0.19410200775960146,-0.15878535710785463,0.0,True,2153,4360,False,
benefits_denial,baseline,random_forest,sex,disparate_impact_ratio,0.31417749514561527,0.2690281146580259,0.36704470389445026,0.0,True,2153,4360,False,
benefits_denial,baseline,random_forest,sex,equal_opportunity_diff,-0.06267138434321096,-0.1310106147722247,0.00769681556833254,0.0695,False,238,1330,False,
benefits_denial,baseline,random_forest,sex,equalized_odds_diff,-0.07886582391920655,-0.0915663642082224,-0.06588596196434265,0.0,True,1915,3030,False,driven_by_fpr_gap
benefits_denial,baseline,random_forest,sex,predictive_parity_diff,0.026448834853090242,-0.04509333839918938,0.09393857649442745,0.462,False,175,1128,False,
benefits_denial,baseline,random_forest,sex,accuracy_equality_diff,0.11795020389727162,0.10204340433872933,0.1347288453917512,0.0,True,2153,4360,False,
benefits_denial,baseline,random_forest,national_origin,demographic_parity_diff,-0.028671524104202012,-0.0594867065076355,0.001729688591675811,0.076,False,688,5825,False,
benefits_denial,baseline,random_forest,national_origin,disparate_impact_ratio,0.8588243401870175,0.713180362373785,1.0090210956680674,0.063,False,688,5825,False,
benefits_denial,baseline,random_forest,national_origin,equal_opportunity_diff,0.04867740954697475,-0.03968734164386341,0.13207813925205222,0.2825,False,138,1430,False,
benefits_denial,baseline,random_forest,national_origin,equalized_odds_diff,0.04867740954697475,-0.03968734164386341,0.13207813925205222,0.2825,False,138,1430,False,driven_by_tpr_gap
benefits_denial,baseline,random_forest,national_origin,predictive_parity_diff,0.020498732037193546,-0.05875193716539859,0.10407156945618479,0.656,False,120,1183,False,
benefits_denial,baseline,random_forest,national_origin,accuracy_equality_diff,0.03890258508833222,0.012603771583990385,0.0650679521409322,0.0065,True,688,5825,False,
benefits_denial,baseline,random_forest,age,demographic_parity_diff,0.03238702593959905,0.0032974750890979584,0.06238955488311503,0.0215,True,944,5569,False,
benefits_denial,baseline,random_forest,age,disparate_impact_ratio,1.165774287004249,1.0162325974420383,1.3259455898625296,0.0345,True,944,5569,False,
benefits_denial,baseline,random_forest,age,equal_opportunity_diff,-0.061645962732919224,-0.12314052795031062,0.0015527950310558758,0.064,False,280,1288,False,
benefits_denial,baseline,random_forest,age,equalized_odds_diff,-0.061645962732919224,-0.12314052795031062,0.0015527950310558758,0.064,False,280,1288,False,driven_by_tpr_gap
benefits_denial,baseline,random_forest,age,predictive_parity_diff,-0.006955369357045105,-0.07466366706566345,0.05707645776333784,0.8645,False,215,1088,False,
benefits_denial,baseline,random_forest,age,accuracy_equality_diff,-0.05343574904662918,-0.0819314879812886,-0.02642737414440107,0.0,True,944,5569,False,
benefits_denial,baseline,random_forest,race,demographic_parity_diff,-0.12326531221766757,-0.14647566994452285,-0.09953734814715261,0.0,True,690,5823,False,
benefits_denial,baseline,random_forest,race,disparate_impact_ratio,0.4216192222947545,0.3237508052416536,0.5243509614602255,0.0,True,690,5823,False,
benefits_denial,baseline,random_forest,race,equal_opportunity_diff,-0.04938778189935322,-0.1611627219906116,0.05887716245937684,0.4155,False,82,1486,False,
benefits_denial,baseline,random_forest,race,equalized_odds_diff,-0.05069596980692451,-0.06577697793162869,-0.035723432020072096,0.0,True,608,4337,False,driven_by_fpr_gap
benefits_denial,baseline,random_forest,race,predictive_parity_diff,0.011073275974110341,-0.10666508538899436,0.11912934418133143,0.8785,False,62,1241,False,
benefits_denial,baseline,random_forest,race,accuracy_equality_diff,0.0814297127582525,0.06014065288324413,0.10288946008706104,0.0,True,690,5823,False,
benefits_denial,baseline,random_forest,sex_x_national_origin,intersectional_demographic_parity_diff,-0.19800793992234345,-0.2306114230323097,-0.16047391751847478,0.0,True,235,3907,False,
benefits_denial,baseline,random_forest,sex_x_age,intersectional_demographic_parity_diff,-0.17719163136952895,-0.20959055320241307,-0.1426004364009755,0.0,True,294,3710,False,
benefits_denial,baseline,random_forest,sex_x_race,intersectional_demographic_parity_diff,-0.21720464396650485,-0.24493793478132495,-0.1884715406465176,0.0,True,338,4008,False,
benefits_denial,baseline,random_forest,national_origin_x_age,intersectional_demographic_parity_diff,0.03960235276898591,-0.04659937064344386,0.13433749474011597,0.4205,False,88,4969,False,
benefits_denial,baseline,random_forest,national_origin_x_race,intersectional_demographic_parity_diff,-0.11649089165867688,-0.17474203020134224,-0.044942473633748814,0.0125,True,80,5215,False,
benefits_denial,baseline,random_forest,age_x_race,intersectional_demographic_parity_diff,-0.079169418152469,-0.14996102061780028,-0.004465661457186917,0.089,False,77,4956,False,
benefits_denial,baseline,gradient_boosting,sex,demographic_parity_diff,-0.16978506628259266,-0.1857289513885042,-0.15223466988669537,0.0,True,2153,4360,False,
benefits_denial,baseline,gradient_boosting,sex,disparate_impact_ratio,0.28957793517091995,0.24483327581278222,0.3433139820344468,0.0,True,2153,4360,False,
benefits_denial,baseline,gradient_boosting,sex,equal_opportunity_diff,-0.08801415302963289,-0.1547987616099072,-0.021538036267138384,0.013,True,238,1330,False,
benefits_denial,baseline,gradient_boosting,sex,equalized_odds_diff,-0.08801415302963289,-0.1547987616099072,-0.021538036267138384,0.013,True,238,1330,False,driven_by_tpr_gap
benefits_denial,baseline,gradient_boosting,sex,predictive_parity_diff,0.05486351749990337,-0.013204150510762704,0.11817104432621828,0.1265,False,149,1042,False,
benefits_denial,baseline,gradient_boosting,sex,accuracy_equality_diff,0.10791598665399682,0.0931729462196977,0.1233711175360176,0.0,True,2153,4360,False,
benefits_denial,baseline,gradient_boosting,national_origin,demographic_parity_diff,-0.01756986725222079,-0.046802693632099004,0.011428673021259576,0.2795,False,688,5825,False,
benefits_denial,baseline,gradient_boosting,national_origin,disparate_impact_ratio,0.9048848302060204,0.7500384187166479,1.0625412890275658,0.259,False,688,5825,False,
benefits_denial,baseline,gradient_boosting,national_origin,equal_opportunity_diff,0.06196412283368802,-0.02505650146954496,0.1481668693625215,0.1775,False,138,1430,False,
benefits_denial,baseline,gradient_boosting,national_origin,equalized_odds_diff,0.06196412283368802,-0.02505650146954496,0.1481668693625215,0.1775,False,138,1430,False,driven_by_tpr_gap
benefits_denial,baseline,gradient_boosting,national_origin,predictive_parity_diff,-0.0017779214481977723,-0.08066833683529973,0.07489090027476974,1.0,False,115,1076,False,
benefits_denial,baseline,gradient_boosting,national_origin,accuracy_equality_diff,0.0343245333865656,0.009254110939215507,0.05924223350633787,0.013,True,688,5825,False,
benefits_denial,baseline,gradient_boosting,age,demographic_parity_diff,0.026481719323981745,-0.0021976509643273456,0.05546151935198174,0.0555,False,944,5569,False,
benefits_denial,baseline,gradient_boosting,age,disparate_impact_ratio,1.1479196300409575,0.9880172021721995,1.3156579480647597,0.069,False,944,5569,False,
benefits_denial,baseline,gradient_boosting,age,equal_opportunity_diff,-0.06428571428571428,-0.12717779503105595,-0.0012305900621118885,0.0505,False,280,1288,False,
benefits_denial,baseline,gradient_boosting,age,equalized_odds_diff,-0.06428571428571428,-0.12717779503105595,-0.0012305900621118885,0.0505,False,280,1288,False,driven_by_tpr_gap
benefits_denial,baseline,gradient_boosting,age,predictive_parity_diff,-0.0008479045383573691,-0.06114218945496275,0.06089324675056089,1.0,False,194,997,False,
benefits_denial,baseline,gradient_boosting,age,accuracy_equality_diff,-0.05061805515398499,-0.07735789505921094,-0.025081413149669374,0.0,True,944,5569,False,
benefits_denial,baseline,gradient_boosting,race,demographic_parity_diff,-0.10241023228725668,-0.12522188995661881,-0.07847557287816682,0.0,True,690,5823,False,
benefits_denial,baseline,gradient_boosting,race,disparate_impact_ratio,0.4713371416623479,0.36296830269533636,0.5859625781053295,0.0,True,690,5823,False,
benefits_denial,baseline,gradient_boosting,race,equal_opportunity_diff,-0.07520598759150443,-0.1794311952204313,0.03507985096674644,0.193,False,82,1486,False,
benefits_denial,baseline,gradient_boosting,race,equalized_odds_diff,-0.07520598759150443,-0.1794311952204313,0.03507985096674644,0.193,False,82,1486,False,driven_by_tpr_gap
benefits_denial,baseline,gradient_boosting,race,predictive_parity_diff,-0.10735393448159403,-0.22644587977034786,0.0038236659912187867,0.0545,False,63,1128,False,
benefits_denial,baseline,gradient_boosting,race,accuracy_equality_diff,0.05737442973515816,0.03521537531079895,0.08065915522403655,0.0,True,690,5823,False,
benefits_denial,baseline,gradient_boosting,sex_x_national_origin,intersectional_demographic_parity_diff,-0.19727276192758225,-0.22511223717386689,-0.16644732041235324,0.0,True,235,3907,False,superadditive
benefits_denial,baseline,gradient_boosting,sex_x_age,intersectional_demographic_parity_diff,-0.15967141573610577,-0.19298517520215633,-0.1264272878962906,0.0,True,294,3710,False,
benefits_denial,baseline,gradient_boosting,sex_x_race,intersectional_demographic_parity_diff,-0.2009162149074632,-0.22715072812953974,-0.17403949497454796,0.0,True,338,4008,False,
benefits_denial,baseline,gradient_boosting,national_origin_x_age,intersectional_demographic_parity_diff,0.023422492178781174,-0.056530489031998366,0.11454054913189042,0.591,False,88,4969,False,
benefits_denial,baseline,gradient_boosting,national_origin_x_race,intersectional_demographic_parity_diff,-0.05885666347075741,-0.12925455417066156,0.021518156759347994,0.206,False,80,5215,False,
benefits_denial,baseline,gradient_boosting,age_x_race,intersectional_demographic_parity_diff,-0.06060606060606061,-0.1303887849438697,0.016720779220779185,0.195,False,77,4956,False,
benefits_denial,unawareness,logistic_regression,sex,demographic_parity_diff,-0.10027314138155849,-0.11388044791351515,-0.08583941971305241,0.0,True,2153,4360,False,
benefits_denial,unawareness,logistic_regression,sex,disparate_impact_ratio,0.3415842985976854,0.2806777228018049,0.4102306589501376,0.0,True,2153,4360,False,
benefits_denial,unawareness,logistic_regression,sex,equal_opportunity_diff,-0.12498894294559929,-0.18381578947368418,-0.06434873949579832,0.0,True,238,1330,False,
benefits_denial,unawareness,logistic_regression,sex,equalized_odds_diff,-0.12498894294559929,-0.18381578947368418,-0.06434873949579832,0.0,True,238,1330,False,driven_by_tpr_gap
benefits_denial,unawareness,logistic_regression,sex,predictive_parity_diff,-0.22267641996557658,-0.3212161144578313,-0.12306368330464712,0.0,True,112,664,False,
benefits_denial,unawareness,logistic_regression,sex,accuracy_equality_diff,0.13025924994780058,0.11130437526898673,0.14830057643058334,0.0,True,2153,4360,False,
benefits_denial,unawareness,logistic_regression,national_origin,demographic_parity_diff,-0.019457530691685793,-0.04340261627906976,0.006213768839205505,0.159,False,688,5825,False,
benefits_denial,unawareness,logistic_regression,national_origin,disparate_impact_ratio,0.8394629162173418,0.6477429663432116,1.0534480219594513,0.1295,False,688,5825,False,
benefits_denial,unawareness,logistic_regression,national_origin,equal_opportunity_diff,0.03224891050978007,-0.04976918009526701,0.11850613154960982,0.4545,False,138,1430,False,
benefits_denial,unawareness,logistic_regression,national_origin,equalized_odds_diff,0.03224891050978007,-0.04976918009526701,0.11850613154960982,0.4545,False,138,1430,False,driven_by_tpr_gap
benefits_denial,unawareness,logistic_regression,national_origin,predictive_parity_diff,0.045730473492513135,-0.06993019020639403,0.14997976527721568,0.519,False,70,706,False,
benefits_denial,unawareness,logistic_regression,national_origin,accuracy_equality_diff,0.047658448947000775,0.018559430831420348,0.07717662067072557,0.0025,True,688,5825,False,
benefits_denial,unawareness,logistic_regression,age,demographic_parity_diff,0.058879207233748565,0.035321370799614074,0.08556619041242225,0.0,True,944,5569,False,
benefits_denial,unawareness,logistic_regression,age,disparate_impact_ratio,1.532297631037725,1.308811285509721,1.7945558474170273,0.0005,True,944,5569,False,
benefits_denial,unawareness,logistic_regression,age,equal_opportunity_diff,0.042546583850931685,-0.01755434782608698,0.10808229813664595,0.1915,False,280,1288,False,
benefits_denial,unawareness,logistic_regression,age,equalized_odds_diff,0.042546583850931685,-0.01755434782608698,0.10808229813664595,0.1915,False,280,1288,False,driven_by_tpr_gap
benefits_denial,unawareness,logistic_regression,age,predictive_parity_diff,-0.0364448051948052,-0.12232751623376623,0.04853896103896105,0.372,False,160,616,False,
benefits_denial,unawareness,logistic_regression,age,accuracy_equality_diff,-0.05646458451902325,-0.08831695147319756,-0.02683543377991361,0.0,True,944,5569,False,
benefits_denial,unawareness,logistic_regression,race,demographic_parity_diff,-0.040867175891703814,-0.06329376012663425,-0.020533622292408668,0.001,True,690,5823,False,
benefits_denial,unawareness,logistic_regression,race,disparate_impact_ratio,0.6690297107407552,0.5006280202994274,0.8312152860981352,0.0,True,690,5823,False,
benefits_denial,unawareness,logistic_regression,race,equal_opportunity_diff,0.07336769195417392,-0.03446229852608078,0.1857335127860027,0.1905,False,82,1486,False,
benefits_denial,unawareness,logistic_regression,race,equalized_odds_diff,0.07336769195417392,-0.03446229852608078,0.1857335127860027,0.1905,False,82,1486,False,driven_by_tpr_gap
benefits_denial,unawareness,logistic_regression,race,predictive_parity_diff,-0.10116389722567887,-0.23787912061098504,0.02637374033135682,0.141,False,57,719,False,
benefits_denial,unawareness,logistic_regression,race,accuracy_equality_diff,0.10491902425912236,0.07760714632379839,0.13090587176787696,0.0,True,690,5823,False,
benefits_denial,unawareness,logistic_regression,sex_x_national_origin,intersectional_demographic_parity_diff,-0.12403923127610562,-0.14662877323298606,-0.09844226674435956,0.0,True,235,3907,False,superadditive
benefits_denial,unawareness,logistic_regression,sex_x_age,intersectional_demographic_parity_diff,-0.057553587472724946,-0.09005679630342703,-0.0213650365806701,0.01,True,294,3710,False,
benefits_denial,unawareness,logistic_regression,sex_x_race,intersectional_demographic_parity_diff,-0.0972655281153669,-0.12493330646399507,-0.06949499669300453,0.0,True,338,4008,False,
benefits_denial,unawareness,logistic_regression,national_origin_x_age,intersectional_demographic_parity_diff,0.012905011068625474,-0.05628807698640662,0.09124801039170126,0.7185,False,88,4969,False,
benefits_denial,unawareness,logistic_regression,national_origin_x_race,intersectional_demographic_parity_diff,0.01094199424736339,-0.06022770853307764,0.08882790028763178,0.858,False,80,5215,False,
benefits_denial,unawareness,logistic_regression,age_x_race,intersectional_demographic_parity_diff,0.027845036319612576,-0.042161475530119556,0.10739140802700117,0.48,False,77,4956,False,
benefits_denial,unawareness,random_forest,sex,demographic_parity_diff,-0.17552401811852036,-0.19309370432551973,-0.15700427342688034,0.0,True,2153,4360,False,
benefits_denial,unawareness,random_forest,sex,disparate_impact_ratio,0.3322148277020965,0.28480807374395706,0.385734416873566,0.0,True,2153,4360,False,
benefits_denial,unawareness,random_forest,sex,equal_opportunity_diff,-0.05360459973463072,-0.1180019902697921,0.01424922600619194,0.1355,False,238,1330,False,
benefits_denial,unawareness,random_forest,sex,equalized_odds_diff,-0.08860826030383717,-0.1021158734672423,-0.0743410326672354,0.0,True,1915,3030,False,driven_by_fpr_gap
benefits_denial,unawareness,random_forest,sex,predictive_parity_diff,-0.005968957706732114,-0.08106735732055993,0.063973209312688,0.9385,False,188,1146,False,
benefits_denial,unawareness,random_forest,sex,accuracy_equality_diff,0.1297444998870788,0.11337251307115731,0.14656269042130252,0.0,True,2153,4360,False,
benefits_denial,unawareness,random_forest,national_origin,demographic_parity_diff,-0.027492763748877158,-0.05716941561034036,0.004129441561034036,0.1025,False,688,5825,False,
benefits_denial,unawareness,random_forest,national_origin,disparate_impact_ratio,0.8676491091791154,0.7292734638519469,1.01957879629069,0.0825,False,688,5825,False,
benefits_denial,unawareness,random_forest,national_origin,equal_opportunity_diff,0.0801459410155062,-0.0056060606060606005,0.16208878078443298,0.065,False,138,1430,False,
benefits_denial,unawareness,random_forest,national_origin,equalized_odds_diff,0.0801459410155062,-0.0056060606060606005,0.16208878078443298,0.065,False,138,1430,False,driven_by_tpr_gap
benefits_denial,unawareness,random_forest,national_origin,predictive_parity_diff,0.049773393761663565,-0.028849640095974363,0.13168088509730738,0.2605,False,124,1210,False,
benefits_denial,unawareness,random_forest,national_origin,accuracy_equality_diff,0.05317446850983132,0.026225140982133893,0.07755505165186145,0.0,True,688,5825,False,
benefits_denial,unawareness,random_forest,age,demographic_parity_diff,0.019387172026746113,-0.009019145595624707,0.04718455543094184,0.175,False,944,5569,False,
benefits_denial,unawareness,random_forest,age,disparate_impact_ratio,1.09597033471836,0.9578350374565927,1.2414209266130256,0.1925,False,944,5569,False,
benefits_denial,unawareness,random_forest,age,equal_opportunity_diff,-0.04409937888198767,-0.10777173913043485,0.020500776397515578,0.1915,False,280,1288,False,
benefits_denial,unawareness,random_forest,age,equalized_odds_diff,-0.04409937888198767,-0.10777173913043485,0.020500776397515578,0.1915,False,280,1288,False,driven_by_tpr_gap
benefits_denial,unawareness,random_forest,age,predictive_parity_diff,0.05527272727272725,-0.011514938862307355,0.12158639021796912,0.123,False,209,1125,False,
benefits_denial,unawareness,random_forest,age,accuracy_equality_diff,-0.03418610437317959,-0.06092233014325668,-0.006835765709694451,0.008,True,944,5569,False,
benefits_denial,unawareness,random_forest,race,demographic_parity_diff,-0.09292684930074889,-0.11986354710331593,-0.06727622471608091,0.0,True,690,5823,False,
benefits_denial,unawareness,random_forest,race,disparate_impact_ratio,0.5671115817847988,0.4541383504213396,0.6826752564160703,0.0,True,690,5823,False,
benefits_denial,unawareness,random_forest,race,equal_opportunity_diff,-0.019105143945113645,-0.13434371204411902,0.08864277976561724,0.822,False,82,1486,False,
benefits_denial,unawareness,random_forest,race,equalized_odds_diff,-0.0269627622780724,-0.04834434122544082,-0.0059607394451658535,0.033,True,608,4337,False,driven_by_fpr_gap
benefits_denial,unawareness,random_forest,race,predictive_parity_diff,-0.14198095238095232,-0.2507414285714286,-0.030130952380952404,0.0085,True,84,1250,False,
benefits_denial,unawareness,random_forest,race,accuracy_equality_diff,0.06654720038229212,0.04238290437470593,0.09080253343189307,0.0,True,690,5823,False,
benefits_denial,unawareness,random_forest,sex_x_national_origin,intersectional_demographic_parity_diff,-0.18559377876043542,-0.2214383893611575,-0.14780701849925665,0.0,True,235,3907,False,
benefits_denial,unawareness,random_forest,sex_x_age,intersectional_demographic_parity_diff,-0.1742651777692209,-0.21006802721088436,-0.1378898729303042,0.0,True,294,3710,False,
benefits_denial,unawareness,random_forest,sex_x_race,intersectional_demographic_parity_diff,-0.1972430877889192,-0.22672343921624208,-0.16569316987327123,0.0,True,338,4008,False,
benefits_denial,unawareness,random_forest,national_origin_x_age,intersectional_demographic_parity_diff,0.010636400226861076,-0.07324176942498033,0.09774459604090806,0.895,False,88,4969,False,
benefits_denial,unawareness,random_forest,national_origin_x_race,intersectional_demographic_parity_diff,-0.08052492809204218,-0.14976120565675932,0.0025623202301052702,0.1015,False,80,5215,False,
benefits_denial,unawareness,random_forest,age_x_race,intersectional_demographic_parity_diff,-0.09498128989654413,-0.16065191870276616,-0.021771589991928967,0.0455,True,77,4956,False,
benefits_denial,unawareness,gradient_boosting,sex,demographic_parity_diff,-0.1582941660239393,-0.1745807269140137,-0.14111130671092612,0.0,True,2153,4360,False,
benefits_denial,unawareness,gradient_boosting,sex,disparate_impact_ratio,0.3098404452312835,0.26183153876054205,0.3633325515712883,0.0,True,2153,4360,False,
benefits_denial,unawareness,gradient_boosting,sex,equal_opportunity_diff,-0.08376824413976114,-0.15099845201238385,-0.014903803626713763,0.0185,True,238,1330,False,
benefits_denial,unawareness,gradient_boosting,sex,equalized_odds_diff,-0.08376824413976114,-0.15099845201238385,-0.014903803626713763,0.0185,True,238,1330,False,driven_by_tpr_gap
benefits_denial,unawareness,gradient_boosting,sex,predictive_parity_diff,0.002313725490196039,-0.07443970588235285,0.06806535947712422,1.0,False,153,1000,False,
benefits_denial,unawareness,gradient_boosting,sex,accuracy_equality_diff,0.10555337762115591,0.08969173587526681,0.1212324013431226,0.0,True,2153,4360,False,
benefits_denial,unawareness,gradient_boosting,national_origin,demographic_parity_diff,-0.007795937718335172,-0.03787422646970757,0.021720518514821846,0.6395,False,688,5825,False,
benefits_denial,unawareness,gradient_boosting,national_origin,disparate_impact_ratio,0.9561669093807437,0.7911686742060574,1.126026457373107,0.6395,False,688,5825,False,
benefits_denial,unawareness,gradient_boosting,national_origin,equal_opportunity_diff,0.0684503901895206,-0.018921404682274177,0.15287574744096477,0.1285,False,138,1430,False,
benefits_denial,unawareness,gradient_boosting,national_origin,equalized_odds_diff,0.0684503901895206,-0.018921404682274177,0.15287574744096477,0.1285,False,138,1430,False,driven_by_tpr_gap
benefits_denial,unawareness,gradient_boosting,national_origin,predictive_parity_diff,-0.03357753357753357,-0.11796624921624918,0.045433414183414116,0.399,False,117,1036,False,
benefits_denial,unawareness,gradient_boosting,national_origin,accuracy_equality_diff,0.029037079548857148,0.002597271434274863,0.05495381899391149,0.0395,True,688,5825,False,
benefits_denial,unawareness,gradient_boosting,age,demographic_parity_diff,0.01967744414449238,-0.007022188507202415,0.04747211694732647,0.167,False,944,5569,False,
benefits_denial,unawareness,gradient_boosting,age,disparate_impact_ratio,1.1129722240189304,0.9602086798684244,1.27979492592126,0.1875,False,944,5569,False,
benefits_denial,unawareness,gradient_boosting,age,equal_opportunity_diff,-0.06987577639751552,-0.13292701863354037,-0.006816770186335512,0.035,True,280,1288,False,
benefits_denial,unawareness,gradient_boosting,age,equalized_odds_diff,-0.06987577639751552,-0.13292701863354037,-0.006816770186335512,0.035,True,280,1288,False,driven_by_tpr_gap
benefits_denial,unawareness,gradient_boosting,age,predictive_parity_diff,0.011937355641935654,-0.053964283702326594,0.07101825249281725,0.794,False,183,970,False,
benefits_denial,unawareness,gradient_boosting,age,accuracy_equality_diff,-0.04966601586871633,-0.07783921701854399,-0.023769339427399238,0.0,True,944,5569,False,
benefits_denial,unawareness,gradient_boosting,race,demographic_parity_diff,-0.08940035391886744,-0.11308598212485718,-0.06474124349468749,0.0,True,690,5823,False,
benefits_denial,unawareness,gradient_boosting,race,disparate_impact_ratio,0.5206487388515917,0.4018485212057313,0.6450883470024728,0.0,True,690,5823,False,
benefits_denial,unawareness,gradient_boosting,race,equal_opportunity_diff,-0.040803597807175906,-0.14770582345796543,0.06805017562288665,0.5085,False,82,1486,False,
benefits_denial,unawareness,gradient_boosting,race,equalized_odds_diff,-0.040803597807175906,-0.14770582345796543,0.06805017562288665,0.5085,False,82,1486,False,driven_by_tpr_gap
benefits_denial,unawareness,gradient_boosting,race,predictive_parity_diff,-0.13333883070833674,-0.25187185618866986,-0.022415546576509793,0.01,True,67,1086,False,
benefits_denial,unawareness,gradient_boosting,race,accuracy_equality_diff,0.05859746582144276,0.037069286711615905,0.08158137893958735,0.0,True,690,5823,False,
benefits_denial,unawareness,gradient_boosting,sex_x_national_origin,intersectional_demographic_parity_diff,-0.17801218761742427,-0.20687146365770112,-0.14403149829275333,0.0,True,235,3907,False,superadditive
benefits_denial,unawareness,gradient_boosting,sex_x_age,intersectional_demographic_parity_diff,-0.14818380182261584,-0.1819070080862534,-0.11466660249005263,0.0,True,294,3710,False,
benefits_denial,unawareness,gradient_boosting,sex_x_race,intersectional_demographic_parity_diff,-0.1813119323483211,-0.20758457198029973,-0.1523302138326897,0.0,True,338,4008,False,
benefits_denial,unawareness,gradient_boosting,national_origin_x_age,intersectional_demographic_parity_diff,0.01809628789403392,-0.06106679595309094,0.10791275224574173,0.668,False,88,4969,False,
benefits_denial,unawareness,gradient_boosting,national_origin_x_race,intersectional_demographic_parity_diff,-0.038111217641418976,-0.10928092042186002,0.047868228667305765,0.3835,False,80,5215,False,
benefits_denial,unawareness,gradient_boosting,age_x_race,intersectional_demographic_parity_diff,-0.028780541492405914,-0.10589551691246607,0.05110288722576849,0.5545,False,77,4956,False,
benefits_denial,unawareness_proxy_removal,logistic_regression,sex,demographic_parity_diff,-0.05088067854966614,-0.0641802669200646,-0.03663647801020126,0.0,True,2153,4360,False,
benefits_denial,unawareness_proxy_removal,logistic_regression,sex,disparate_impact_ratio,0.5349313820180923,0.4411394158532143,0.646785089181394,0.0,True,2153,4360,False,
benefits_denial,unawareness_proxy_removal,logistic_regression,sex,equal_opportunity_diff,0.018133569217160528,-0.0396793454223795,0.08178571428571424,0.583,False,238,1330,False,
benefits_denial,unawareness_proxy_removal,logistic_regression,sex,equalized_odds_diff,0.018133569217160528,-0.0396793454223795,0.08178571428571424,0.583,False,238,1330,False,driven_by_tpr_gap
benefits_denial,unawareness_proxy_removal,logistic_regression,sex,predictive_parity_diff,-0.23285414794848758,-0.32198262952979934,-0.14343366277328548,0.0,True,126,477,False,
benefits_denial,unawareness_proxy_removal,logistic_regression,sex,accuracy_equality_diff,0.13386068937305318,0.11650885578902068,0.15161946526502382,0.0,True,2153,4360,False,
benefits_denial,unawareness_proxy_removal,logistic_regression,national_origin,demographic_parity_diff,0.00536655354825831,-0.01644753717935922,0.02957460200618823,0.673,False,688,5825,False,
benefits_denial,unawareness_proxy_removal,logistic_regression,national_origin,disparate_impact_ratio,1.0583205871290757,0.8240212778719894,1.330076876881477,0.673,False,688,5825,False,
benefits_denial,unawareness_proxy_removal,logistic_regression,national_origin,equal_opportunity_diff,0.06066686936252158,-0.016504256612952222,0.1406108746326135,0.148,False,138,1430,False,
benefits_denial,unawareness_proxy_removal,logistic_regression,national_origin,equalized_odds_diff,0.06066686936252158,-0.016504256612952222,0.1406108746326135,0.148,False,138,1430,False,driven_by_tpr_gap
benefits_denial,unawareness_proxy_removal,logistic_regression,national_origin,predictive_parity_diff,-0.05410447761194026,-0.17164179104477606,0.05970149253731338,0.3555,False,67,536,False,
benefits_denial,unawareness_proxy_removal,logistic_regression,national_origin,accuracy_equality_diff,0.037438117576604424,0.0079819842299631,0.06625782887513719,0.0195,True,688,5825,False,
benefits_denial,unawareness_proxy_removal,logistic_regression,age,demographic_parity_diff,0.027999656086507937,0.005892828338471767,0.050679062706386134,0.006,True,944,5569,False,
benefits_denial,unawareness_proxy_removal,logistic_regression,age,disparate_impact_ratio,1.31628463155507,1.0630530888599947,1.5898166553405404,0.013,True,944,5569,False,
benefits_denial,unawareness_proxy_removal,logistic_regression,age,equal_opportunity_diff,0.013354037267080732,-0.04674689440993788,0.07268633540372661,0.6625,False,280,1288,False,
benefits_denial,unawareness_proxy_removal,logistic_regression,age,equalized_odds_diff,0.013354037267080732,-0.04674689440993788,0.07268633540372661,0.6625,False,280,1288,False,driven_by_tpr_gap
benefits_denial,unawareness_proxy_removal,logistic_regression,age,predictive_parity_diff,0.014032823160612162,-0.07499539000553201,0.09585284897658114,0.802,False,110,493,False,
benefits_denial,unawareness_proxy_removal,logistic_regression,age,accuracy_equality_diff,-0.046554625940816385,-0.07636153506395874,-0.017735445687537862,0.0015,True,944,5569,False,
benefits_denial,unawareness_proxy_removal,logistic_regression,race,demographic_parity_diff,-0.04195655907234431,-0.059864107101523935,-0.02341438374063872,0.0,True,690,5823,False,
benefits_denial,unawareness_proxy_removal,logistic_regression,race,disparate_impact_ratio,0.56759199014793,0.39901551013152853,0.7535106809780264,0.0,True,690,5823,False,
benefits_denial,unawareness_proxy_removal,logistic_regression,race,equal_opportunity_diff,0.031152545711190638,-0.07105792272592978,0.13738182385188588,0.632,False,82,1486,False,
benefits_denial,unawareness_proxy_removal,logistic_regression,race,equalized_odds_diff,0.031152545711190638,-0.07105792272592978,0.13738182385188588,0.632,False,82,1486,False,driven_by_tpr_gap
benefits_denial,unawareness_proxy_removal,logistic_regression,race,predictive_parity_diff,-0.0735444806707033,-0.22790521658127608,0.07419655333022823,0.325,False,38,565,False,
benefits_denial,unawareness_proxy_removal,logistic_regression,race,accuracy_equality_diff,0.1044165192004719,0.07916679733291514,0.12833419199725224,0.0,True,690,5823,False,
benefits_denial,unawareness_proxy_removal,logistic_regression,sex_x_national_origin,intersectional_demographic_parity_diff,-0.060946800341993915,-0.08795255651340475,-0.030795762107292485,0.002,True,235,3907,False,superadditive
benefits_denial,unawareness_proxy_removal,logistic_regression,sex_x_age,intersectional_demographic_parity_diff,-0.03628545757925811,-0.06559010396611475,-0.0058599666281607295,0.065,False,294,3710,False,
benefits_denial,unawareness_proxy_removal,logistic_regression,sex_x_race,intersectional_demographic_parity_diff,-0.06347659710165468,-0.08746918145956607,-0.03752255105174269,0.001,True,338,4008,False,
benefits_denial,unawareness_proxy_removal,logistic_regression,national_origin_x_age,intersectional_demographic_parity_diff,0.02589235075650853,-0.03475960043176786,0.10020805128158215,0.4435,False,88,4969,False,
benefits_denial,unawareness_proxy_removal,logistic_regression,national_origin_x_race,intersectional_demographic_parity_diff,0.00297219558964526,-0.059748322147650954,0.07241520853307763,1.0,False,80,5215,False,
benefits_denial,unawareness_proxy_removal,logistic_regression,age_x_race,intersectional_demographic_parity_diff,-0.027881722796977038,-0.0804351016215423,0.031738847310881176,0.4485,False,77,4956,False,
benefits_denial,unawareness_proxy_removal,random_forest,sex,demographic_parity_diff,-0.0633407832893722,-0.07673011202631702,-0.048987858844283846,0.0,True,2153,4360,False,
benefits_denial,unawareness_proxy_removal,random_forest,sex,disparate_impact_ratio,0.4531417211097687,0.36592826029001435,0.5491325134883338,0.0,True,2153,4360,False,
benefits_denial,unawareness_proxy_removal,random_forest,sex,equal_opportunity_diff,0.016983635559486954,-0.046708314904909315,0.08288367978770456,0.641,False,238,1330,False,
benefits_denial,unawareness_proxy_removal,random_forest,sex,equalized_odds_diff,0.016983635559486954,-0.046708314904909315,0.08288367978770456,0.641,False,238,1330,False,driven_by_tpr_gap
benefits_denial,unawareness_proxy_removal,random_forest,sex,predictive_parity_diff,-0.14586874616665213,-0.22959782703934117,-0.06607990887584352,0.0,True,113,505,False,
benefits_denial,unawareness_proxy_removal,random_forest,sex,accuracy_equality_diff,0.12764001159039873,0.1103786374463625,0.14379355188194834,0.0,True,2153,4360,False,
benefits_denial,unawareness_proxy_removal,random_forest,national_origin,demographic_parity_diff,-0.0004588781315500584,-0.022448934524403625,0.023763792544166044,1.0,False,688,5825,False,
benefits_denial,unawareness_proxy_removal,random_forest,national_origin,disparate_impact_ratio,0.9951664792748266,0.7725192806703693,1.2627496557916267,1.0,False,688,5825,False,
benefits_denial,unawareness_proxy_removal,random_forest,national_origin,equal_opportunity_diff,0.04864700516874432,-0.03317219012871187,0.1316114320462146,0.263,False,138,1430,False,
benefits_denial,unawareness_proxy_removal,random_forest,national_origin,equalized_odds_diff,0.04864700516874432,-0.03317219012871187,0.1316114320462146,0.263,False,138,1430,False,driven_by_tpr_gap
benefits_denial,unawareness_proxy_removal,random_forest,national_origin,predictive_parity_diff,-0.05530671859785774,-0.1494449853943524,0.035214911670607814,0.2145,False,65,553,False,
benefits_denial,unawareness_proxy_removal,random_forest,national_origin,accuracy_equality_diff,0.0341074458528795,0.005538358369098783,0.06217212920451149,0.028,True,688,5825,False,
benefits_denial,unawareness_proxy_removal,random_forest,age,demographic_parity_diff,0.029022836768917523,0.006596605071658798,0.05206586342830008,0.006,True,944,5569,False,
benefits_denial,unawareness_proxy_removal,random_forest,age,disparate_impact_ratio,1.320052268504987,1.0715837788900546,1.5927032571705604,0.0125,True,944,5569,False,
benefits_denial,unawareness_proxy_removal,random_forest,age,equal_opportunity_diff,-0.013664596273291973,-0.07486413043478256,0.05388975155279497,0.678,False,280,1288,False,
benefits_denial,unawareness_proxy_removal,random_forest,age,equalized_odds_diff,0.01576699228589199,0.002314645758929206,0.028983752107237637,0.002,True,664,4281,False,driven_by_fpr_gap
benefits_denial,unawareness_proxy_removal,random_forest,age,predictive_parity_diff,-0.059230701831245125,-0.13887978620870942,0.014740208534127679,0.1015,False,113,505,False,
benefits_denial,unawareness_proxy_removal,random_forest,age,accuracy_equality_diff,-0.05680906866400259,-0.08627648685520026,-0.02991222311920401,0.0,True,944,5569,False,
benefits_denial,unawareness_proxy_removal,random_forest,race,demographic_parity_diff,-0.05101658341359974,-0.06858066587520255,-0.03321825370158815,0.0,True,690,5823,False,
benefits_denial,unawareness_proxy_removal,random_forest,race,disparate_impact_ratio,0.491324309591017,0.33647774695679084,0.6581784900304273,0.0,True,690,5823,False,
benefits_denial,unawareness_proxy_removal,random_forest,race,equal_opportunity_diff,0.007090568886846338,-0.0979548961034698,0.11149263040409661,0.8995,False,82,1486,False,
benefits_denial,unawareness_proxy_removal,random_forest,race,equalized_odds_diff,-0.007685930730677281,-0.015156456682402338,0.0009681838039877176,0.15,False,608,4337,False,driven_by_fpr_gap
benefits_denial,unawareness_proxy_removal,random_forest,race,predictive_parity_diff,-0.028908138597904975,-0.1742546333601933,0.07816277195809829,0.7915,False,34,584,False,
benefits_denial,unawareness_proxy_removal,random_forest,race,accuracy_equality_diff,0.09454412412546942,0.07049412375213733,0.11762403960307317,0.0,True,690,5823,False,
benefits_denial,unawareness_proxy_removal,random_forest,sex_x_national_origin,intersectional_demographic_parity_diff,-0.07262469435655589,-0.09783800489029511,-0.04248405752903954,0.0,True,235,3907,False,superadditive
benefits_denial,unawareness_proxy_removal,random_forest,sex_x_age,intersectional_demographic_parity_diff,-0.04615582081889359,-0.07481709664998076,-0.014899242715954313,0.017,True,294,3710,False,
benefits_denial,unawareness_proxy_removal,random_forest,sex_x_race,intersectional_demographic_parity_diff,-0.08229694457239367,-0.10297422905667955,-0.057552314011031225,0.0,True,338,4008,False,
benefits_denial,unawareness_proxy_removal,random_forest,national_origin_x_age,intersectional_demographic_parity_diff,0.03423727108070035,-0.028429501545948505,0.10927391875080035,0.349,False,88,4969,False,superadditive
benefits_denial,unawareness_proxy_removal,random_forest,national_origin_x_race,intersectional_demographic_parity_diff,-0.0010546500479386295,-0.06163710450623202,0.06935282837967395,1.0,False,80,5215,False,
benefits_denial,unawareness_proxy_removal,random_forest,age_x_race,intersectional_demographic_parity_diff,-0.01832489544353952,-0.07128686990975126,0.047634180790960365,0.7095,False,77,4956,False,
benefits_denial,unawareness_proxy_removal,gradient_boosting,sex,demographic_parity_diff,-0.0654165086480567,-0.07906264514630748,-0.05163131133430205,0.0,True,2153,4360,False,
benefits_denial,unawareness_proxy_removal,gradient_boosting,sex,disparate_impact_ratio,0.4407577658639483,0.35419996972374207,0.5360679056015577,0.0,True,2153,4360,False,
benefits_denial,unawareness_proxy_removal,gradient_boosting,sex,equal_opportunity_diff,0.004820875718708539,-0.056575630252100856,0.07015258735072968,0.9415,False,238,1330,False,
benefits_denial,unawareness_proxy_removal,gradient_boosting,sex,equalized_odds_diff,0.004820875718708539,-0.056575630252100856,0.07015258735072968,0.9415,False,238,1330,False,driven_by_tpr_gap
benefits_denial,unawareness_proxy_removal,gradient_boosting,sex,predictive_parity_diff,-0.15108638049814516,-0.23253974562798083,-0.06881955484896668,0.0,True,111,510,False,
benefits_denial,unawareness_proxy_removal,gradient_boosting,sex,accuracy_equality_diff,0.12556428623171423,0.10863379506726258,0.1417222847786532,0.0,True,2153,4360,False,
benefits_denial,unawareness_proxy_removal,gradient_boosting,national_origin,demographic_parity_diff,-0.0025990617826130297,-0.02501974997504741,0.02093176714242939,0.839,False,688,5825,False,
benefits_denial,unawareness_proxy_removal,gradient_boosting,national_origin,disparate_impact_ratio,0.972819790737878,0.7503457038295862,1.2300825948902174,0.839,False,688,5825,False,
benefits_denial,unawareness_proxy_removal,gradient_boosting,national_origin,equal_opportunity_diff,0.062440458092632045,-0.021272929968582155,0.14590529036181213,0.159,False,138,1430,False,
benefits_denial,unawareness_proxy_removal,gradient_boosting,national_origin,equalized_odds_diff,0.062440458092632045,-0.021272929968582155,0.14590529036181213,0.159,False,138,1430,False,driven_by_tpr_gap
benefits_denial,unawareness_proxy_removal,gradient_boosting,national_origin,predictive_parity_diff,-0.0065080789946140305,-0.09364129824955106,0.07270113330341106,1.0,False,64,557,False,
benefits_denial,unawareness_proxy_removal,gradient_boosting,national_origin,accuracy_equality_diff,0.04171823535282959,0.013754316798083699,0.06929027971853476,0.0035,True,688,5825,False,
benefits_denial,unawareness_proxy_removal,gradient_boosting,age,demographic_parity_diff,0.0297230278996016,0.007907537488092378,0.052348674259140325,0.004,True,944,5569,False,
benefits_denial,unawareness_proxy_removal,gradient_boosting,age,disparate_impact_ratio,1.3264807183466683,1.081549300228025,1.5920851918714423,0.0115,True,944,5569,False,
benefits_denial,unawareness_proxy_removal,gradient_boosting,age,equal_opportunity_diff,0.0013975155279503104,-0.060252329192546604,0.06677406832298133,1.0,False,280,1288,False,
benefits_denial,unawareness_proxy_removal,gradient_boosting,age,equalized_odds_diff,0.01054814914880264,-0.001736861601979038,0.02316923615977575,0.0395,True,664,4281,False,driven_by_fpr_gap
benefits_denial,unawareness_proxy_removal,gradient_boosting,age,predictive_parity_diff,-0.025952455102252636,-0.10029715561092077,0.041373403924011114,0.496,False,114,507,False,
benefits_denial,unawareness_proxy_removal,gradient_boosting,age,accuracy_equality_diff,-0.048675552620286,-0.07756614057540077,-0.021850086244677634,0.0005,True,944,5569,False,
benefits_denial,unawareness_proxy_removal,gradient_boosting,race,demographic_parity_diff,-0.05153178176496502,-0.06879693718313433,-0.03377558258480239,0.0,True,690,5823,False,
benefits_denial,unawareness_proxy_removal,gradient_boosting,race,disparate_impact_ratio,0.48881330736408846,0.3353336877974644,0.6526188144221939,0.0,True,690,5823,False,
benefits_denial,unawareness_proxy_removal,gradient_boosting,race,equal_opportunity_diff,0.017939795817877413,-0.0897490398187965,0.12769999671732918,0.8025,False,82,1486,False,
benefits_denial,unawareness_proxy_removal,gradient_boosting,race,equalized_odds_diff,0.017939795817877413,-0.0897490398187965,0.12769999671732918,0.8025,False,82,1486,False,driven_by_tpr_gap
benefits_denial,unawareness_proxy_removal,gradient_boosting,race,predictive_parity_diff,0.001603367070848738,-0.1160436917526807,0.09880749574105618,1.0,False,34,587,False,
benefits_denial,unawareness_proxy_removal,gradient_boosting,race,accuracy_equality_diff,0.0972709420663187,0.07438282597495689,0.1207217256904777,0.0,True,690,5823,False,
benefits_denial,unawareness_proxy_removal,gradient_boosting,sex_x_national_origin,intersectional_demographic_parity_diff,-0.07416039950116812,-0.09953220896481492,-0.04401736653796516,0.0,True,235,3907,False,superadditive
benefits_denial,unawareness_proxy_removal,gradient_boosting,sex_x_age,intersectional_demographic_parity_diff,-0.05036580670003851,-0.07849217045308689,-0.02055801565909384,0.0085,True,294,3710,False,
benefits_denial,unawareness_proxy_removal,gradient_boosting,sex_x_race,intersectional_demographic_parity_diff,-0.08083537067876082,-0.10198069098489411,-0.056591513718125916,0.0,True,338,4008,False,
benefits_denial,unawareness_proxy_removal,gradient_boosting,national_origin_x_age,intersectional_demographic_parity_diff,0.03363352787281143,-0.029728407032693593,0.1082576176841874,0.3385,False,88,4969,False,superadditive
benefits_denial,unawareness_proxy_removal,gradient_boosting,national_origin_x_race,intersectional_demographic_parity_diff,0.01048657718120806,-0.05278044103547459,0.08453739213806323,0.857,False,80,5215,False,
benefits_denial,unawareness_proxy_removal,gradient_boosting,age_x_race,intersectional_demographic_parity_diff,-0.03151368405605694,-0.08165079976520653,0.03000632841734527,0.44,False,77,4956,False,
benefits_denial,in_processing,logistic_regression,sex,demographic_parity_diff,-0.021930568398266556,-0.03322144905551034,-0.010533714957153889,0.0,True,2153,4360,False,
benefits_denial,in_processing,logistic_regression,sex,disparate_impact_ratio,0.6680005878506764,0.5242756955520755,0.8329607095166601,0.0,True,2153,4360,False,
benefits_denial,in_processing,logistic_regression,sex,equal_opportunity_diff,0.04241486068111455,-0.011502653693056142,0.0985913312693498,0.114,False,238,1330,False,
benefits_denial,in_processing,logistic_regression,sex,equalized_odds_diff,0.04241486068111455,-0.011502653693056142,0.0985913312693498,0.114,False,238,1330,False,driven_by_tpr_gap
benefits_denial,in_processing,logistic_regression,sex,predictive_parity_diff,-0.2479897660818714,-0.35661549707602336,-0.13969298245614037,0.0,True,95,288,False,
benefits_denial,in_processing,logistic_regression,sex,accuracy_equality_diff,0.16058625259399084,0.14170772487291042,0.1794965447189115,0.0,True,2153,4360,False,
benefits_denial,in_processing,logistic_regression,national_origin,demographic_parity_diff,0.0025057390957181347,-0.015052082293642082,0.022433420251522097,0.791,False,688,5825,False,
benefits_denial,in_processing,logistic_regression,national_origin,disparate_impact_ratio,1.042802583306482,0.7525745084645898,1.4022682951924972,0.791,False,688,5825,False,
benefits_denial,in_processing,logistic_regression,national_origin,equal_opportunity_diff,0.03951555690686123,-0.02799381777642647,0.11338907469342242,0.29,False,138,1430,False,
benefits_denial,in_processing,logistic_regression,national_origin,equalized_odds_diff,0.03951555690686123,-0.02799381777642647,0.11338907469342242,0.29,False,138,1430,False,driven_by_tpr_gap
benefits_denial,in_processing,logistic_regression,national_origin,predictive_parity_diff,-0.025066331517944462,-0.16792347437508726,0.12107247591118553,0.8645,False,42,341,False,
benefits_denial,in_processing,logistic_regression,national_origin,accuracy_equality_diff,0.04293192933426493,0.013255564427587574,0.07357515096316992,0.0125,True,688,5825,False,
benefits_denial,in_processing,logistic_regression,age,demographic_parity_diff,0.039009643273447754,0.020622160050643545,0.05879660522383289,0.0,True,944,5569,False,
benefits_denial,in_processing,logistic_regression,age,disparate_impact_ratio,1.7339210006208718,1.374602430832357,2.1595800186148173,0.0005,True,944,5569,False,
benefits_denial,in_processing,logistic_regression,age,equal_opportunity_diff,0.022826086956521746,-0.02702251552795031,0.07455357142857133,0.376,False,280,1288,False,
benefits_denial,in_processing,logistic_regression,age,equalized_odds_diff,0.03171234341711626,0.015113001058192138,0.04874578904264571,0.0,True,664,4281,False,driven_by_fpr_gap
benefits_denial,in_processing,logistic_regression,age,predictive_parity_diff,-0.1191752096924511,-0.2367971419695557,-0.004232680956818946,0.0355,True,87,296,False,
benefits_denial,in_processing,logistic_regression,age,accuracy_equality_diff,-0.0685823992379121,-0.09952651976285183,-0.03860769913504236,0.0,True,944,5569,False,
benefits_denial,in_processing,logistic_regression,race,demographic_parity_diff,-0.009038371077212552,-0.025840949308962212,0.008449252962390519,0.345,False,690,5823,False,
benefits_denial,in_processing,logistic_regression,race,disparate_impact_ratio,0.8487656490086699,0.5811251099945928,1.1461098211804115,0.345,False,690,5823,False,
benefits_denial,in_processing,logistic_regression,race,equal_opportunity_diff,0.08651478843186816,-0.004154630207136526,0.18862431474247449,0.043,True,82,1486,False,
benefits_denial,in_processing,logistic_regression,race,equalized_odds_diff,0.08651478843186816,-0.004154630207136526,0.18862431474247449,0.043,True,82,1486,False,driven_by_tpr_gap
benefits_denial,in_processing,logistic_regression,race,predictive_parity_diff,-0.12413793103448278,-0.298444170771757,0.03612479474548447,0.168,False,35,348,False,
benefits_denial,in_processing,logistic_regression,race,accuracy_equality_diff,0.11970895026469242,0.0932324216562507,0.1469913162944545,0.0,True,690,5823,False,
benefits_denial,in_processing,logistic_regression,sex_x_national_origin,intersectional_demographic_parity_diff,-0.03096896459709523,-0.05352531462895294,-0.004569349067957702,0.071,False,235,3907,False,superadditive
benefits_denial,in_processing,logistic_regression,sex_x_age,intersectional_demographic_parity_diff,0.008458477730714932,-0.020100115517905276,0.041126941342574753,0.6065,False,294,3710,False,
benefits_denial,in_processing,logistic_regression,sex_x_race,intersectional_demographic_parity_diff,-0.011651253705606539,-0.03642865895428078,0.016474742822048204,0.401,False,338,4008,False,
benefits_denial,in_processing,logistic_regression,national_origin_x_age,intersectional_demographic_parity_diff,0.038182184086792664,-0.017232294773047437,0.10476408276770517,0.1525,False,88,4969,False,
benefits_denial,in_processing,logistic_regression,national_origin_x_race,intersectional_demographic_parity_diff,0.015172579098753594,-0.037320230105465,0.07843959731543626,0.64,False,80,5215,False,superadditive
benefits_denial,in_processing,logistic_regression,age_x_race,intersectional_demographic_parity_diff,0.062403697996918334,-0.004554167583828588,0.13266655660723453,0.025,True,77,4956,False,superadditive
benefits_denial,in_processing,random_forest,sex,demographic_parity_diff,-0.032158882208311854,-0.045984060005880435,-0.01764563101624787,0.0,True,2153,4360,False,
benefits_denial,in_processing,random_forest,sex,disparate_impact_ratio,0.6856247628874308,0.5721004227391419,0.8130914507390051,0.0,True,2153,4360,False,
benefits_denial,in_processing,random_forest,sex,equal_opportunity_diff,0.07801857585139321,0.011053737284387438,0.14481092436974785,0.0175,True,238,1330,False,
benefits_denial,in_processing,random_forest,sex,equalized_odds_diff,0.07801857585139321,0.011053737284387438,0.14481092436974785,0.0175,True,238,1330,False,driven_by_tpr_gap
benefits_denial,in_processing,random_forest,sex,predictive_parity_diff,-0.28717369999703024,-0.37316247438600664,-0.2059758560270841,0.0,True,151,446,False,
benefits_denial,in_processing,random_forest,sex,accuracy_equality_diff,0.13042607498817516,0.11194499780549434,0.14806562850215405,0.0,True,2153,4360,False,
benefits_denial,in_processing,random_forest,national_origin,demographic_parity_diff,-0.0049795388761353365,-0.026866254117177357,0.018118655803972435,0.6905,False,688,5825,False,
benefits_denial,in_processing,random_forest,national_origin,disparate_impact_ratio,0.9459860347818605,0.7221314308757663,1.204594239877013,0.6905,False,688,5825,False,
benefits_denial,in_processing,random_forest,national_origin,equal_opportunity_diff,0.016742677612242796,-0.06253116448768618,0.09595723117462242,0.689,False,138,1430,False,
benefits_denial,in_processing,random_forest,national_origin,equalized_odds_diff,0.016742677612242796,-0.06253116448768618,0.09595723117462242,0.689,False,138,1430,False,driven_by_tpr_gap
benefits_denial,in_processing,random_forest,national_origin,predictive_parity_diff,-0.07113594040968352,-0.19352653631284913,0.0400837988826813,0.2345,False,60,537,False,
benefits_denial,in_processing,random_forest,national_origin,accuracy_equality_diff,0.029472502245733168,0.000919789899191581,0.05957346042519207,0.0665,False,688,5825,False,
benefits_denial,in_processing,random_forest,age,demographic_parity_diff,0.02783816131064519,0.007367514365236135,0.0494036106351443,0.0045,True,944,5569,False,
benefits_denial,in_processing,random_forest,age,disparate_impact_ratio,1.317682276980292,1.0825276968917403,1.5858468698088586,0.016,True,944,5569,False,
benefits_denial,in_processing,random_forest,age,equal_opportunity_diff,-0.026086956521739146,-0.08338509316770187,0.03307841614906832,0.446,False,280,1288,False,
benefits_denial,in_processing,random_forest,age,equalized_odds_diff,-0.026086956521739146,-0.08338509316770187,0.03307841614906832,0.446,False,280,1288,False,driven_by_tpr_gap
benefits_denial,in_processing,random_forest,age,predictive_parity_diff,-0.08875394796209957,-0.18254859753346367,-0.0029680215069935946,0.042,True,109,488,False,
benefits_denial,in_processing,random_forest,age,accuracy_equality_diff,-0.0683701163523256,-0.09913084329566513,-0.0387436762145777,0.0,True,944,5569,False,
benefits_denial,in_processing,random_forest,race,demographic_parity_diff,-0.02147406461632656,-0.041785871618544156,-0.0005504222386488505,0.065,False,690,5823,False,
benefits_denial,in_processing,random_forest,race,disparate_impact_ratio,0.7714037529343274,0.5645430919761529,0.9938190351222896,0.046,True,690,5823,False,
benefits_denial,in_processing,random_forest,race,equal_opportunity_diff,0.05285099957325279,-0.05490307914519252,0.1645438728949874,0.3325,False,82,1486,False,
benefits_denial,in_processing,random_forest,race,equalized_odds_diff,0.05285099957325279,-0.05490307914519252,0.1645438728949874,0.3325,False,82,1486,False,driven_by_tpr_gap
benefits_denial,in_processing,random_forest,race,predictive_parity_diff,-0.23718464351005486,-0.37013436928702004,-0.10083820840950643,0.0,True,50,547,False,
benefits_denial,in_processing,random_forest,race,accuracy_equality_diff,0.08835726392342214,0.06254937317533911,0.11429443959112666,0.0,True,690,5823,False,
benefits_denial,in_processing,random_forest,sex_x_national_origin,intersectional_demographic_parity_diff,-0.034807138306040986,-0.06603502170136524,0.004421088172347487,0.084,False,235,3907,False,
benefits_denial,in_processing,random_forest,sex_x_age,intersectional_demographic_parity_diff,0.0031189834424335816,-0.030232961108971893,0.041010460788088815,0.9185,False,294,3710,False,
benefits_denial,in_processing,random_forest,sex_x_race,intersectional_demographic_parity_diff,-0.033784502001913325,-0.061945044821599404,-0.0019469566783592949,0.0415,True,338,4008,False,
benefits_denial,in_processing,random_forest,national_origin_x_age,intersectional_demographic_parity_diff,0.036652243912255994,-0.029828173310891156,0.11241692813626279,0.251,False,88,4969,False,superadditive
benefits_denial,in_processing,random_forest,national_origin_x_race,intersectional_demographic_parity_diff,0.0296979865771812,-0.03664189837008627,0.10854266538830293,0.4375,False,80,5215,False,superadditive
benefits_denial,in_processing,random_forest,age_x_race,intersectional_demographic_parity_diff,0.0011189375596155349,-0.05588359380732261,0.06928745689338907,1.0,False,77,4956,False,
benefits_denial,in_processing,gradient_boosting,sex,demographic_parity_diff,-0.012245021881138754,-0.02544497330373237,0.0015078251170758004,0.0815,False,2153,4360,False,
benefits_denial,in_processing,gradient_boosting,sex,disparate_impact_ratio,0.8452532733158359,0.6959427781074169,1.0192619689247184,0.074,False,2153,4360,False,
benefits_denial,in_processing,gradient_boosting,sex,equal_opportunity_diff,0.12392746572313135,0.05908115877930123,0.18951791242812915,0.0,True,238,1330,False,
benefits_denial,in_processing,gradient_boosting,sex,equalized_odds_diff,0.12392746572313135,0.05908115877930123,0.18951791242812915,0.0,True,238,1330,False,driven_by_tpr_gap
benefits_denial,in_processing,gradient_boosting,sex,predictive_parity_diff,-0.29027777777777786,-0.374759963768116,-0.20276570048309192,0.0,True,144,345,False,
benefits_denial,in_processing,gradient_boosting,sex,accuracy_equality_diff,0.14669322089510262,0.12850981348832655,0.16484268803504384,0.0,True,2153,4360,False,
benefits_denial,in_processing,gradient_boosting,national_origin,demographic_parity_diff,-0.005940712645972651,-0.025202365505539483,0.01620724997504739,0.5865,False,688,5825,False,
benefits_denial,in_processing,gradient_boosting,national_origin,disparate_impact_ratio,0.9215324397069116,0.6751105419653335,1.2226319143116693,0.5865,False,688,5825,False,
benefits_denial,in_processing,gradient_boosting,national_origin,equal_opportunity_diff,0.003020168237559545,-0.06735532583358668,0.07802776933211716,1.0,False,138,1430,False,
benefits_denial,in_processing,gradient_boosting,national_origin,equalized_odds_diff,0.0042941358982314624,-0.00866273658082532,0.018610094115213565,0.535,False,550,4395,False,driven_by_fpr_gap
benefits_denial,in_processing,gradient_boosting,national_origin,predictive_parity_diff,-0.08078231292517002,-0.2225056689342404,0.04917800453514731,0.285,False,48,441,False,
benefits_denial,in_processing,gradient_boosting,national_origin,accuracy_equality_diff,0.030205110290448145,0.0006786418305220324,0.059961859966064485,0.0605,False,688,5825,False,
benefits_denial,in_processing,gradient_boosting,age,demographic_parity_diff,0.012542380490061497,-0.005861366340912624,0.03200680465561477,0.184,False,944,5569,False,
benefits_denial,in_processing,gradient_boosting,age,disparate_impact_ratio,1.1711950087356588,0.9226504303488412,1.4568136897299833,0.203,False,944,5569,False,
benefits_denial,in_processing,gradient_boosting,age,equal_opportunity_diff,-0.013975155279503104,-0.06585403726708074,0.04115295031055897,0.643,False,280,1288,False,
benefits_denial,in_processing,gradient_boosting,age,equalized_odds_diff,-0.013975155279503104,-0.06585403726708074,0.04115295031055897,0.643,False,280,1288,False,driven_by_tpr_gap
benefits_denial,in_processing,gradient_boosting,age,predictive_parity_diff,0.02550835148874364,-0.07561728395061729,0.1167392883079158,0.67,False,81,408,False,
benefits_denial,in_processing,gradient_boosting,age,accuracy_equality_diff,-0.054004880223756824,-0.08470940736553136,-0.024952374258531668,0.0,True,944,5569,False,
benefits_denial,in_processing,gradient_boosting,race,demographic_parity_diff,-0.015894989136034758,-0.034304836891188614,0.0032160510419699966,0.144,False,690,5823,False,
benefits_denial,in_processing,gradient_boosting,race,disparate_impact_ratio,0.792941127437773,0.5626145368619626,1.0428763105832608,0.111,False,690,5823,False,
benefits_denial,in_processing,gradient_boosting,race,equal_opportunity_diff,0.09037192659948134,-0.009800823950365998,0.1966012047401766,0.062,False,82,1486,False,
benefits_denial,in_processing,gradient_boosting,race,equalized_odds_diff,0.09037192659948134,-0.009800823950365998,0.1966012047401766,0.062,False,82,1486,False,driven_by_tpr_gap
benefits_denial,in_processing,gradient_boosting,race,predictive_parity_diff,-0.1513263023330137,-0.30536912751677847,-0.008469159475870902,0.031,True,42,447,False,
benefits_denial,in_processing,gradient_boosting,race,accuracy_equality_diff,0.10857991921092514,0.0831560565672856,0.1345385241433894,0.0,True,690,5823,False,
benefits_denial,in_processing,gradient_boosting,sex_x_national_origin,intersectional_demographic_parity_diff,-0.024025616868795244,-0.0519301417532089,0.009088978320417801,0.1935,False,235,3907,False,superadditive
benefits_denial,in_processing,gradient_boosting,sex_x_age,intersectional_demographic_parity_diff,0.0008728019509690738,-0.029207097933513025,0.03468200487742265,1.0,False,294,3710,False,
benefits_denial,in_processing,gradient_boosting,sex_x_race,intersectional_demographic_parity_diff,-0.015999066954847707,-0.042662603786509816,0.013879674083785043,0.343,False,338,4008,False,
benefits_denial,in_processing,gradient_boosting,national_origin_x_age,intersectional_demographic_parity_diff,0.0280123127023912,-0.02881090030918969,0.09530275206278925,0.4005,False,88,4969,False,superadditive
benefits_denial,in_processing,gradient_boosting,national_origin_x_race,intersectional_demographic_parity_diff,0.009647651006711402,-0.04748711649089165,0.07714765100671132,0.828,False,80,5215,False,
benefits_denial,in_processing,gradient_boosting,age_x_race,intersectional_demographic_parity_diff,-0.035494166850099054,-0.07224576271186439,0.011016031990608207,0.2675,False,77,4956,False,superadditive
benefits_denial,post_processing,logistic_regression,sex,demographic_parity_diff,-0.005293765473395343,-0.021011475346966256,0.011800091189166381,0.5375,False,2153,4360,False,
benefits_denial,post_processing,logistic_regression,sex,disparate_impact_ratio,0.953930904984532,0.8240718818311319,1.10866315437717,0.5375,False,2153,4360,False,
benefits_denial,post_processing,logistic_regression,sex,equal_opportunity_diff,0.11685095090667846,0.0528936311366652,0.1838312693498451,0.0005,True,238,1330,False,
benefits_denial,post_processing,logistic_regression,sex,equalized_odds_diff,0.11685095090667846,0.0528936311366652,0.1838312693498451,0.0005,True,238,1330,False,driven_by_tpr_gap
benefits_denial,post_processing,logistic_regression,sex,predictive_parity_diff,-0.38840116377414663,-0.4612047092256165,-0.3193189891403635,0.0,True,236,501,False,
benefits_denial,post_processing,logistic_regression,sex,accuracy_equality_diff,0.10600410351248735,0.08801625745173143,0.12472115396907232,0.0,True,2153,4360,False,
benefits_denial,post_processing,logistic_regression,national_origin,demographic_parity_diff,0.0067396945802974395,-0.017476650613833692,0.0334292718834215,0.6125,False,688,5825,False,
benefits_denial,post_processing,logistic_regression,national_origin,disparate_impact_ratio,1.0599364454968512,0.8479229375403485,1.3035674462846116,0.6125,False,688,5825,False,
benefits_denial,post_processing,logistic_regression,national_origin,equal_opportunity_diff,0.06447755143407313,-0.016190078037904156,0.1462855984595115,0.1235,False,138,1430,False,
benefits_denial,post_processing,logistic_regression,national_origin,equalized_odds_diff,0.06447755143407313,-0.016190078037904156,0.1462855984595115,0.1235,False,138,1430,False,driven_by_tpr_gap
benefits_denial,post_processing,logistic_regression,national_origin,predictive_parity_diff,-0.051368460249487935,-0.16575963507726665,0.05075498045056789,0.383,False,82,655,False,
benefits_denial,post_processing,logistic_regression,national_origin,accuracy_equality_diff,0.03533236849985033,0.006167020161692767,0.06561533087134441,0.028,True,688,5825,False,
benefits_denial,post_processing,logistic_regression,age,demographic_parity_diff,0.03738784767980133,0.01438545150819763,0.06100616381238753,0.001,True,944,5569,False,
benefits_denial,post_processing,logistic_regression,age,disparate_impact_ratio,1.3470183186396618,1.1288797009959,1.5906106886156315,0.004,True,944,5569,False,
benefits_denial,post_processing,logistic_regression,age,equal_opportunity_diff,0.008385093167701863,-0.05233695652173912,0.06941770186335401,0.8455,False,280,1288,False,
benefits_denial,post_processing,logistic_regression,age,equalized_odds_diff,0.023518038517067574,0.003911872085398365,0.04357321542652736,0.007,True,664,4281,False,driven_by_fpr_gap
benefits_denial,post_processing,logistic_regression,age,predictive_parity_diff,-0.016167883211678835,-0.1043959854014599,0.06685066909975647,0.7675,False,137,600,False,
benefits_denial,post_processing,logistic_regression,age,accuracy_equality_diff,-0.05544140383661367,-0.08567816202586352,-0.02556151771611016,0.0,True,944,5569,False,
benefits_denial,post_processing,logistic_regression,race,demographic_parity_diff,-0.043895646200598826,-0.06422815446990571,-0.02295109722315556,0.0005,True,690,5823,False,
benefits_denial,post_processing,logistic_regression,race,disparate_impact_ratio,0.6274020726117263,0.4674267179785719,0.8001986715021141,0.0,True,690,5823,False,
benefits_denial,post_processing,logistic_regression,race,equal_opportunity_diff,0.029970784230049563,-0.06903087351869476,0.13687506155007712,0.6375,False,82,1486,False,
benefits_denial,post_processing,logistic_regression,race,equalized_odds_diff,0.029970784230049563,-0.06903087351869476,0.13687506155007712,0.6375,False,82,1486,False,driven_by_tpr_gap
benefits_denial,post_processing,logistic_regression,race,predictive_parity_diff,-0.13253872977762537,-0.2749671297090264,0.0048719487795116775,0.0675,False,51,686,False,
benefits_denial,post_processing,logistic_regression,race,accuracy_equality_diff,0.09910101621008138,0.07213019585003991,0.12399065922989042,0.0,True,690,5823,False,
benefits_denial,post_processing,logistic_regression,sex_x_national_origin,intersectional_demographic_parity_diff,-0.015257938560902684,-0.051605655969373034,0.025796742344618734,0.506,False,235,3907,False,superadditive
benefits_denial,post_processing,logistic_regression,sex_x_age,intersectional_demographic_parity_diff,0.027159543062508035,-0.01280163008599663,0.06916345783596455,0.1865,False,294,3710,False,
benefits_denial,post_processing,logistic_regression,sex_x_race,intersectional_demographic_parity_diff,-0.03100308259221203,-0.061383519942363775,0.0027896868983925587,0.0935,False,338,4008,False,
benefits_denial,post_processing,logistic_regression,national_origin_x_age,intersectional_demographic_parity_diff,0.052027113558608826,-0.02018469053586783,0.13391293062441664,0.1605,False,88,4969,False,superadditive
benefits_denial,post_processing,logistic_regression,national_origin_x_race,intersectional_demographic_parity_diff,0.0072627037392138105,-0.061181687440076696,0.08513902205177375,0.8625,False,80,5215,False,
benefits_denial,post_processing,logistic_regression,age_x_race,intersectional_demographic_parity_diff,-0.03406339423288576,-0.0900469586910265,0.0326926957223567,0.3755,False,77,4956,False,
benefits_denial,post_processing,random_forest,sex,demographic_parity_diff,0.004608887960899449,-0.012080308786118798,0.021108563578876475,0.583,False,2153,4360,False,
benefits_denial,post_processing,random_forest,sex,disparate_impact_ratio,1.0425732328182764,0.8965889269613317,1.2074236349705396,0.583,False,2153,4360,False,
benefits_denial,post_processing,random_forest,sex,equal_opportunity_diff,0.16452896948252982,0.09653914197257851,0.2352100840336134,0.0,True,238,1330,False,
benefits_denial,post_processing,random_forest,sex,equalized_odds_diff,0.16452896948252982,0.09653914197257851,0.2352100840336134,0.0,True,238,1330,False,driven_by_tpr_gap
benefits_denial,post_processing,random_forest,sex,predictive_parity_diff,-0.44012868801004396,-0.504341912534003,-0.3756336315128691,0.0,True,243,472,False,
benefits_denial,post_processing,random_forest,sex,accuracy_equality_diff,0.09903782645934622,0.0814914382321233,0.11653402335976688,0.0,True,2153,4360,False,
benefits_denial,post_processing,random_forest,national_origin,demographic_parity_diff,0.0072661942309611705,-0.01710233681006088,0.034646471703762824,0.613,False,688,5825,False,
benefits_denial,post_processing,random_forest,national_origin,disparate_impact_ratio,1.06665384745935,0.8452831966659328,1.3278286287420273,0.613,False,688,5825,False,
benefits_denial,post_processing,random_forest,national_origin,equal_opportunity_diff,0.058943954596128556,-0.021470305057261586,0.14241512111077323,0.1985,False,138,1430,False,
benefits_denial,post_processing,random_forest,national_origin,equalized_odds_diff,0.058943954596128556,-0.021470305057261586,0.14241512111077323,0.1985,False,138,1430,False,driven_by_tpr_gap
benefits_denial,post_processing,random_forest,national_origin,predictive_parity_diff,-0.08110236220472444,-0.1873056102362205,0.0253961614173228,0.1325,False,80,635,False,
benefits_denial,post_processing,random_forest,national_origin,accuracy_equality_diff,0.030136241141830444,0.00029281240642784856,0.05905929359217483,0.0505,False,688,5825,False,
benefits_denial,post_processing,random_forest,age,demographic_parity_diff,0.02647163778909277,0.0033809045457450617,0.0509817275033402,0.0215,True,944,5569,False,
benefits_denial,post_processing,random_forest,age,disparate_impact_ratio,1.249862981966968,1.0311491173708405,1.4980865248116373,0.036,True,944,5569,False,
benefits_denial,post_processing,random_forest,age,equal_opportunity_diff,-0.02857142857142858,-0.0908423913043478,0.03371506211180116,0.3825,False,280,1288,False,
benefits_denial,post_processing,random_forest,age,equalized_odds_diff,-0.02857142857142858,-0.0908423913043478,0.03371506211180116,0.3825,False,280,1288,False,driven_by_tpr_gap
benefits_denial,post_processing,random_forest,age,predictive_parity_diff,-0.04366101694915259,-0.13138983050847453,0.03972881355932201,0.2715,False,125,590,False,
benefits_denial,post_processing,random_forest,age,accuracy_equality_diff,-0.062086466851913324,-0.09211113237321614,-0.03348206133529747,0.0,True,944,5569,False,
benefits_denial,post_processing,random_forest,race,demographic_parity_diff,-0.05146458198000434,-0.07084262930358623,-0.032376856394059544,0.0,True,690,5823,False,
benefits_denial,post_processing,random_forest,race,disparate_impact_ratio,0.5533894780082032,0.39886787736698215,0.7185105857690732,0.0,True,690,5823,False,
benefits_denial,post_processing,random_forest,race,equal_opportunity_diff,0.014575058267406349,-0.0917699340183172,0.1249240882381906,0.8125,False,82,1486,False,
benefits_denial,post_processing,random_forest,race,equalized_odds_diff,0.014575058267406349,-0.0917699340183172,0.1249240882381906,0.8125,False,82,1486,False,driven_by_tpr_gap
benefits_denial,post_processing,random_forest,race,predictive_parity_diff,-0.09612518628912081,-0.23659649776453046,0.04136549925484348,0.1965,False,44,671,False,
benefits_denial,post_processing,random_forest,race,accuracy_equality_diff,0.09548641444347383,0.06998629871051075,0.11947897766727145,0.0,True,690,5823,False,
benefits_denial,post_processing,random_forest,sex_x_national_origin,intersectional_demographic_parity_diff,0.019648312630357934,-0.0230981762139967,0.06392890011926222,0.3805,False,235,3907,False,superadditive
benefits_denial,post_processing,random_forest,sex_x_age,intersectional_demographic_parity_diff,0.022346297009369784,-0.015710435117443203,0.06370587857784621,0.2375,False,294,3710,False,
benefits_denial,post_processing,random_forest,sex_x_race,intersectional_demographic_parity_diff,-0.04447761282169389,-0.0727250749979331,-0.013428468506773447,0.012,True,338,4008,False,
benefits_denial,post_processing,random_forest,national_origin_x_age,intersectional_demographic_parity_diff,0.04247470681863921,-0.027724619916207758,0.12343895790263262,0.2165,False,88,4969,False,superadditive
benefits_denial,post_processing,random_forest,national_origin_x_race,intersectional_demographic_parity_diff,0.00975551294343241,-0.05696308724832215,0.0868648130393097,0.856,False,80,5215,False,
benefits_denial,post_processing,random_forest,age_x_race,intersectional_demographic_parity_diff,-0.03345806735637244,-0.08642004182258418,0.03249596448748985,0.375,False,77,4956,False,
benefits_denial,post_processing,gradient_boosting,sex,demographic_parity_diff,-0.0005980560515091021,-0.015638622447022923,0.015578081789012129,0.9615,False,2153,4360,False,
benefits_denial,post_processing,gradient_boosting,sex,disparate_impact_ratio,0.994046807240504,0.8508739937015514,1.162047851051703,0.9615,False,2153,4360,False,
benefits_denial,post_processing,gradient_boosting,sex,equal_opportunity_diff,0.1657673595754091,0.09897943387881467,0.23918951791242812,0.0,True,238,1330,False,
benefits_denial,post_processing,gradient_boosting,sex,equalized_odds_diff,0.1657673595754091,0.09897943387881467,0.23918951791242812,0.0,True,238,1330,False,driven_by_tpr_gap
benefits_denial,post_processing,gradient_boosting,sex,predictive_parity_diff,-0.41277476903472443,-0.4803883933312094,-0.34537538494212594,0.0,True,215,438,False,
benefits_denial,post_processing,gradient_boosting,sex,accuracy_equality_diff,0.11153819931224618,0.09430630717965544,0.12864298589124634,0.0,True,2153,4360,False,
benefits_denial,post_processing,gradient_boosting,national_origin,demographic_parity_diff,-0.0015919752470306414,-0.024515919752470305,0.024190101307515668,0.946,False,688,5825,False,
benefits_denial,post_processing,gradient_boosting,national_origin,disparate_impact_ratio,0.9841484384981064,0.7615252612354568,1.2516014520957528,0.946,False,688,5825,False,
benefits_denial,post_processing,gradient_boosting,national_origin,equal_opportunity_diff,0.046741664132968486,-0.03297962906658558,0.1341552650248302,0.309,False,138,1430,False,
benefits_denial,post_processing,gradient_boosting,national_origin,equalized_odds_diff,0.046741664132968486,-0.03297962906658558,0.1341552650248302,0.309,False,138,1430,False,driven_by_tpr_gap
benefits_denial,post_processing,gradient_boosting,national_origin,predictive_parity_diff,-0.042131724484665733,-0.15704751131221717,0.06149698340874807,0.4205,False,68,585,False,
benefits_denial,post_processing,gradient_boosting,national_origin,accuracy_equality_diff,0.03560684699071759,0.007181904381674877,0.06496768639584787,0.0215,True,688,5825,False,
benefits_denial,post_processing,gradient_boosting,age,demographic_parity_diff,0.0190213835061524,-0.0018166830761083494,0.041573420394678776,0.082,False,944,5569,False,
benefits_denial,post_processing,gradient_boosting,age,disparate_impact_ratio,1.1950810282495699,0.9812696467835531,1.444977704388629,0.1035,False,944,5569,False,
benefits_denial,post_processing,gradient_boosting,age,equal_opportunity_diff,-0.02422360248447203,-0.08526009316770183,0.03820652173913037,0.44,False,280,1288,False,
benefits_denial,post_processing,gradient_boosting,age,equalized_odds_diff,-0.02422360248447203,-0.08526009316770183,0.03820652173913037,0.44,False,280,1288,False,driven_by_tpr_gap
benefits_denial,post_processing,gradient_boosting,age,predictive_parity_diff,-0.0029465930018415243,-0.08453917629331996,0.07726435626988115,1.0,False,110,543,False,
benefits_denial,post_processing,gradient_boosting,age,accuracy_equality_diff,-0.05449164716301802,-0.0852923435878395,-0.026821904550310215,0.0,True,944,5569,False,
benefits_denial,post_processing,gradient_boosting,race,demographic_parity_diff,-0.042438157531229224,-0.06185854071933637,-0.0227131913177878,0.0,True,690,5823,False,
benefits_denial,post_processing,gradient_boosting,race,disparate_impact_ratio,0.5948933895597456,0.4240808007986304,0.7796743403645305,0.0,True,690,5823,False,
benefits_denial,post_processing,gradient_boosting,race,equal_opportunity_diff,0.05915372747267178,-0.04992942257820959,0.1700915865147884,0.293,False,82,1486,False,
benefits_denial,post_processing,gradient_boosting,race,equalized_odds_diff,0.05915372747267178,-0.04992942257820959,0.1700915865147884,0.293,False,82,1486,False,driven_by_tpr_gap
benefits_denial,post_processing,gradient_boosting,race,predictive_parity_diff,-0.062371330537552394,-0.19996187571483037,0.0706061761341975,0.3235,False,43,610,False,
benefits_denial,post_processing,gradient_boosting,race,accuracy_equality_diff,0.10256105847127961,0.07702713751315995,0.12558495546147586,0.0,True,690,5823,False,
benefits_denial,post_processing,gradient_boosting,sex_x_national_origin,intersectional_demographic_parity_diff,0.001283021744931348,-0.037112302523021966,0.04095888993568553,1.0,False,235,3907,False,
benefits_denial,post_processing,gradient_boosting,sex_x_age,intersectional_demographic_parity_diff,-0.0007187780772686531,-0.03375689898600949,0.03750994737517647,1.0,False,294,3710,False,
benefits_denial,post_processing,gradient_boosting,sex_x_race,intersectional_demographic_parity_diff,-0.03624407988756215,-0.06440462270724824,-0.005798130071218544,0.034,True,338,4008,False,
benefits_denial,post_processing,gradient_boosting,national_origin_x_age,intersectional_demographic_parity_diff,0.03835598894966977,-0.028432188660604825,0.11630152399421866,0.268,False,88,4969,False,superadditive
benefits_denial,post_processing,gradient_boosting,national_origin_x_race,intersectional_demographic_parity_diff,0.019151486097794823,-0.04604266538830296,0.09397890699904114,0.5795,False,80,5215,False,
benefits_denial,post_processing,gradient_boosting,age_x_race,intersectional_demographic_parity_diff,-0.03696162594467679,-0.08750733729547286,0.02333259960378603,0.338,False,77,4956,False,
compas,baseline,logistic_regression,race,demographic_parity_diff,0.8698782637536776,0.8536627208849525,0.8849851591722918,0.0,True,1804,1444,False,
compas,baseline,logistic_regression,race,disparate_impact_ratio,84.73222023561935,55.22632415229478,158.86203389622983,0.0,True,1804,1444,False,
compas,baseline,logistic_regression,race,equal_opportunity_diff,0.9298278560250391,0.9138654147104851,0.9451956181533646,0.0,True,1065,450,False,
compas,baseline,logistic_regression,race,equalized_odds_diff,0.9298278560250391,0.9138654147104851,0.9451956181533646,0.0,True,1065,450,False,driven_by_tpr_gap
compas,baseline,logistic_regression,race,predictive_parity_diff,0.4932409739714526,0.2970035684298909,0.6347607052896725,0.0,True,1588,15,True,
compas,baseline,logistic_regression,race,accuracy_equality_diff,-0.04826455214942482,-0.08012975935286924,-0.015846403191430564,0.0055,True,1804,1444,False,
compas,baseline,random_forest,race,demographic_parity_diff,0.8493652148810584,0.8324541569672811,0.8654460156254798,0.0,True,1804,1444,False,
compas,baseline,random_forest,race,disparate_impact_ratio,176.17577378155826,101.43745209016096,612.3081089378081,0.0,True,1804,1444,False,
compas,baseline,random_forest,race,equal_opportunity_diff,0.9007198748043819,0.8822824726134586,0.918904538341158,0.0,True,1065,450,False,
compas,baseline,random_forest,race,equalized_odds_diff,0.9007198748043819,0.8822824726134586,0.918904538341158,0.0,True,1065,450,False,driven_by_tpr_gap
compas,baseline,random_forest,race,predictive_parity_diff,0.3398535273940855,0.031410494113284566,0.6333549643088904,0.113,False,1541,7,True,
compas,baseline,random_forest,race,accuracy_equality_diff,-0.0621195742302425,-0.09482125747031832,-0.02928829286718955,0.0005,True,1804,1444,False,
compas,baseline,gradient_boosting,race,demographic_parity_diff,0.8662697852110729,0.8501874873319369,0.8808238924274159,0.0,True,1804,1444,False,
compas,baseline,gradient_boosting,race,disparate_impact_ratio,1250.089884052218,414.1640276466956,879158.4279379158,0.0,True,1804,1444,False,
compas,baseline,gradient_boosting,race,equal_opportunity_diff,0.918904538341158,0.9020031298904538,0.9352112676056338,0.0,True,1065,450,False,
compas,baseline,gradient_boosting,race,equalized_odds_diff,0.918904538341158,0.9020031298904538,0.9352112676056338,0.0,True,1065,450,False,driven_by_tpr_gap
compas,baseline,gradient_boosting,race,predictive_parity_diff,-0.3727621483375959,-0.3964194373401535,-0.34654731457800514,1.0,False,1564,1,True,
compas,baseline,gradient_boosting,race,accuracy_equality_diff,-0.05879209635712579,-0.08942608300421961,-0.026788116282069414,0.001,True,1804,1444,False,
compas,unawareness,logistic_regression,race,demographic_parity_diff,0.16321532328896693,0.1295302528698921,0.1981364127730927,0.0,True,1804,1444,False,
compas,unawareness,logistic_regression,race,disparate_impact_ratio,1.3705697983120748,1.283458929465061,1.4727110523016211,0.0,True,1804,1444,False,
compas,unawareness,logistic_regression,race,equal_opportunity_diff,0.1360876369327073,0.0845039123630673,0.19215414710485124,0.0,True,1065,450,False,
compas,unawareness,logistic_regression,race,equalized_odds_diff,0.1360876369327073,0.0845039123630673,0.19215414710485124,0.0,True,1065,450,False,driven_by_tpr_gap
compas,unawareness,logistic_regression,race,predictive_parity_diff,0.2725020357953463,0.2251901519482995,0.32021674723218463,0.0,True,1089,636,False,
compas,unawareness,logistic_regression,race,accuracy_equality_diff,0.006135949045211975,-0.02781453648709239,0.03967337894859675,0.753,False,1804,1444,False,
compas,unawareness,random_forest,race,demographic_parity_diff,0.16920846871525874,0.13664145082334728,0.2019077335069498,0.0,True,1804,1444,False,
compas,unawareness,random_forest,race,disparate_impact_ratio,1.337015920239786,1.2614613571940791,1.4186080010080035,0.0,True,1804,1444,False,
compas,unawareness,random_forest,race,equal_opportunity_diff,0.1115492957746479,0.05993035993740225,0.1648599374021909,0.0,True,1065,450,False,
compas,unawareness,random_forest,race,equalized_odds_diff,0.1423357465496633,0.09514451390344783,0.18927849914098935,0.0,True,739,994,False,driven_by_fpr_gap
compas,unawareness,random_forest,race,predictive_parity_diff,0.2568000227796919,0.21458224892508335,0.3000670861926592,0.0,True,1211,725,False,
compas,unawareness,random_forest,race,accuracy_equality_diff,0.02567547647271995,-0.00785116638310678,0.059334251064117355,0.1425,False,1804,1444,False,
compas,unawareness,gradient_boosting,race,demographic_parity_diff,0.1700361154958817,0.1362250554323725,0.20259096436972934,0.0,True,1804,1444,False,
compas,unawareness,gradient_boosting,race,disparate_impact_ratio,1.3434009159512317,1.2648360206661557,1.4259280701439323,0.0,True,1804,1444,False,
compas,unawareness,gradient_boosting,race,equal_opportunity_diff,0.1094209702660407,0.05789671361502344,0.16169718309859146,0.0,True,1065,450,False,
compas,unawareness,gradient_boosting,race,equalized_odds_diff,0.14497131639634825,0.09820227181764471,0.19090936008473033,0.0,True,739,994,False,driven_by_fpr_gap
compas,unawareness,gradient_boosting,race,predictive_parity_diff,0.25428321678321675,0.2078575174825175,0.29752622377622373,0.0,True,1200,715,False,
compas,unawareness,gradient_boosting,race,accuracy_equality_diff,0.019857380643813927,-0.013674444601409024,0.05351454293628809,0.2725,False,1804,1444,False,
compas,unawareness_proxy_removal,logistic_regression,race,demographic_parity_diff,0.14908697815258187,0.12097289955838368,0.17872414179631602,0.0,True,1804,1444,False,
compas,unawareness_proxy_removal,logistic_regression,race,disparate_impact_ratio,1.2120997932810116,1.168015703627473,1.2620812298238786,0.0,True,1804,1444,False,
compas,unawareness_proxy_removal,logistic_regression,race,equal_opportunity_diff,0.05311424100156492,0.015079812206572698,0.0903708920187793,0.0025,True,1065,450,False,
compas,unawareness_proxy_removal,logistic_regression,race,equalized_odds_diff,0.14091041512947788,0.10079329154902354,0.18313534794695108,0.0,True,739,994,False,driven_by_fpr_gap
compas,unawareness_proxy_removal,logistic_regression,race,predictive_parity_diff,0.24920531647922667,0.21183613718747094,0.2882470489822474,0.0,True,1537,1015,False,
compas,unawareness_proxy_removal,logistic_regression,race,accuracy_equality_diff,0.10934918402319249,0.07444809472332953,0.14496406108923837,0.0,True,1804,1444,False,
compas,unawareness_proxy_removal,random_forest,race,demographic_parity_diff,0.15143632801223506,0.12248062938007874,0.17997931650809829,0.0,True,1804,1444,False,
compas,unawareness_proxy_removal,random_forest,race,disparate_impact_ratio,1.2191119651823543,1.1713804302407076,1.2693577502821536,0.0,True,1804,1444,False,
compas,unawareness_proxy_removal,random_forest,race,equal_opportunity_diff,0.05004694835680745,0.01245696400625984,0.08729499217527384,0.0085,True,1065,450,False,
compas,unawareness_proxy_removal,random_forest,race,equalized_odds_diff,0.14382233863260752,0.10243238864853531,0.18687898704813447,0.0,True,739,994,False,driven_by_fpr_gap
compas,unawareness_proxy_removal,random_forest,race,predictive_parity_diff,0.2465259466301023,0.20916579870266847,0.2855858427381078,0.0,True,1520,998,False,
compas,unawareness_proxy_removal,random_forest,race,accuracy_equality_diff,0.10090073766514551,0.06722522587540157,0.13582036840262635,0.0,True,1804,1444,False,
compas,unawareness_proxy_removal,gradient_boosting,race,demographic_parity_diff,0.15212884878785826,0.12303334080621098,0.18094297221932187,0.0,True,1804,1444,False,
compas,unawareness_proxy_removal,gradient_boosting,race,disparate_impact_ratio,1.2203347437174497,1.1736074491581387,1.2709058989993152,0.0,True,1804,1444,False,
compas,unawareness_proxy_removal,gradient_boosting,race,equal_opportunity_diff,0.05004694835680745,0.01245696400625984,0.08729499217527384,0.0085,True,1065,450,False,
compas,unawareness_proxy_removal,gradient_boosting,race,equalized_odds_diff,0.1448283748499114,0.10336338055395976,0.18791953343879242,0.0,True,739,994,False,driven_by_fpr_gap
compas,unawareness_proxy_removal,gradient_boosting,race,predictive_parity_diff,0.24614303436625667,0.20727895858628523,0.2849505754104419,0.0,True,1520,997,False,
compas,unawareness_proxy_removal,gradient_boosting,race,accuracy_equality_diff,0.1002082168895222,0.06709198088581236,0.13511249239916215,0.0,True,1804,1444,False,
compas,in_processing,logistic_regression,race,demographic_parity_diff,0.0008046139388616369,-0.025251979288868676,0.029758508331746626,0.968,False,1804,1444,False,
compas,in_processing,logistic_regression,race,disparate_impact_ratio,1.0039926349221697,0.8799082274182349,1.1634352113579607,0.968,False,1804,1444,False,
compas,in_processing,logistic_regression,race,equal_opportunity_diff,-0.07649452269170579,-0.12460093896713617,-0.029133802816901443,0.0,True,1065,450,False,
compas,in_processing,logistic_regression,race,equalized_odds_diff,-0.07649452269170579,-0.12460093896713617,-0.029133802816901443,0.0,True,1065,450,False,driven_by_tpr_gap
compas,in_processing,logistic_regression,race,predictive_parity_diff,0.15470507932024663,0.07571317610506993,0.2350607258861741,0.0,True,365,291,False,
compas,in_processing,logistic_regression,race,accuracy_equality_diff,-0.2162369250234935,-0.24935239326581127,-0.18255914833764308,0.0,True,1804,1444,False,
compas,in_processing,random_forest,race,demographic_parity_diff,0.0077129309444693706,-0.01750680236593351,0.03362411016454658,0.583,False,1804,1444,False,
compas,in_processing,random_forest,race,disparate_impact_ratio,1.0469932676182925,0.9016759157845852,1.2230127636238273,0.583,False,1804,1444,False,
compas,in_processing,random_forest,race,equal_opportunity_diff,-0.05953051643192486,-0.10523630672926446,-0.016533646322378852,0.006,True,1065,450,False,
compas,in_processing,random_forest,race,equalized_odds_diff,-0.05953051643192486,-0.10523630672926446,-0.016533646322378852,0.006,True,1065,450,False,driven_by_tpr_gap
compas,in_processing,random_forest,race,predictive_parity_diff,0.14381380155165374,0.058929495031985794,0.23165952089288142,0.0005,True,310,237,False,
compas,in_processing,random_forest,race,accuracy_equality_diff,-0.23036834120544686,-0.2634836558954862,-0.19642407454041805,0.0,True,1804,1444,False,
compas,in_processing,gradient_boosting,race,demographic_parity_diff,0.0077129309444693706,-0.01750680236593351,0.03362411016454658,0.583,False,1804,1444,False,
compas,in_processing,gradient_boosting,race,disparate_impact_ratio,1.0469932676182925,0.9016759157845852,1.2230127636238273,0.583,False,1804,1444,False,
compas,in_processing,gradient_boosting,race,equal_opportunity_diff,-0.05953051643192486,-0.10523630672926446,-0.016533646322378852,0.006,True,1065,450,False,
compas,in_processing,gradient_boosting,race,equalized_odds_diff,-0.05953051643192486,-0.10523630672926446,-0.016533646322378852,0.006,True,1065,450,False,driven_by_tpr_gap
compas,in_processing,gradient_boosting,race,predictive_parity_diff,0.14381380155165374,0.058929495031985794,0.23165952089288142,0.0005,True,310,237,False,
compas,in_processing,gradient_boosting,race,accuracy_equality_diff,-0.23036834120544686,-0.2634836558954862,-0.19642407454041805,0.0,True,1804,1444,False,
compas,post_processing,logistic_regression,race,demographic_parity_diff,0.012723341788945408,-0.018039590383942122,0.045014694953043624,0.458,False,1804,1444,False,
compas,post_processing,logistic_regression,race,disparate_impact_ratio,1.0181009649314718,0.9748203318667151,1.0661678712304128,0.458,False,1804,1444,False,
compas,post_processing,logistic_regression,race,equal_opportunity_diff,-0.07740219092331768,-0.1190007824726134,-0.0376729264475744,0.001,True,1065,450,False,
compas,post_processing,logistic_regression,race,equalized_odds_diff,-0.07740219092331768,-0.1190007824726134,-0.0376729264475744,0.001,True,1065,450,False,driven_by_tpr_gap
compas,post_processing,logistic_regression,race,predictive_parity_diff,0.26092500944393354,0.2193808595315046,0.30196981375418297,0.0,True,1291,1015,False,
compas,post_processing,logistic_regression,race,accuracy_equality_diff,0.09161082482141869,0.05725457739341935,0.12500710179287633,0.0,True,1804,1444,False,
compas,post_processing,random_forest,race,demographic_parity_diff,0.012301073023321618,-0.01955069835576218,0.04458440308087293,0.479,False,1804,1444,False,
compas,post_processing,random_forest,race,disparate_impact_ratio,1.017798320385673,0.972354370939467,1.0661609735885833,0.479,False,1804,1444,False,
compas,post_processing,random_forest,race,equal_opportunity_diff,-0.08328638497652585,-0.12557355242566506,-0.04259389671361504,0.001,True,1065,450,False,
compas,post_processing,random_forest,race,equalized_odds_diff,-0.08328638497652585,-0.12557355242566506,-0.04259389671361504,0.001,True,1065,450,False,driven_by_tpr_gap
compas,post_processing,random_forest,race,predictive_parity_diff,0.2588984114801708,0.2168818922320607,0.29585871901407224,0.0,True,1269,998,False,
compas,post_processing,random_forest,race,accuracy_equality_diff,0.08260805473831623,0.048519871200348945,0.11586456074835243,0.0,True,1804,1444,False,
compas,post_processing,gradient_boosting,race,demographic_parity_diff,0.012301073023321618,-0.01955069835576218,0.04458440308087293,0.479,False,1804,1444,False,
compas,post_processing,gradient_boosting,race,disparate_impact_ratio,1.017798320385673,0.972354370939467,1.0661609735885833,0.479,False,1804,1444,False,
compas,post_processing,gradient_boosting,race,equal_opportunity_diff,-0.08328638497652585,-0.12557355242566506,-0.04259389671361504,0.001,True,1065,450,False,
compas,post_processing,gradient_boosting,race,equalized_odds_diff,-0.08328638497652585,-0.12557355242566506,-0.04259389671361504,0.001,True,1065,450,False,driven_by_tpr_gap
compas,post_processing,gradient_boosting,race,predictive_parity_diff,0.2588984114801708,0.2168818922320607,0.29585871901407224,0.0,True,1269,998,False,
compas,post_processing,gradient_boosting,race,accuracy_equality_diff,0.08260805473831623,0.048519871200348945,0.11586456074835243,0.0,True,1804,1444,False,
german_credit_lending,baseline,logistic_regression,age,demographic_parity_diff,-0.14404248257550611,-0.26313751521185963,-0.013607699966810438,0.024,True,69,131,False,
german_credit_lending,baseline,logistic_regression,age,disparate_impact_ratio,0.8284587023138064,0.6933840921866655,0.9837944857024564,0.024,True,69,131,False,
german_credit_lending,baseline,logistic_regression,age,equal_opportunity_diff,-0.16140350877192988,-0.3052631578947369,-0.018713450292397682,0.027,True,45,95,False,
german_credit_lending,baseline,logistic_regression,age,equalized_odds_diff,-0.16140350877192988,-0.3052631578947369,-0.018713450292397682,0.027,True,45,95,False,driven_by_tpr_gap
german_credit_lending,baseline,logistic_regression,age,predictive_parity_diff,-0.08522727272727271,-0.2390435606060605,0.06060606060606066,0.3205,False,48,110,False,
german_credit_lending,baseline,logistic_regression,age,accuracy_equality_diff,-0.12412877530700295,-0.2614227237526275,0.013184533687354694,0.075,False,69,131,False,
german_credit_lending,baseline,random_forest,age,demographic_parity_diff,-0.07235313640889474,-0.19061843124239397,0.036749087288416825,0.228,False,69,131,False,
german_credit_lending,baseline,random_forest,age,disparate_impact_ratio,0.9153727697910888,0.7867870384164982,1.0433907967346718,0.228,False,69,131,False,
german_credit_lending,baseline,random_forest,age,equal_opportunity_diff,-0.07017543859649122,-0.18947368421052624,0.03040935672514622,0.203,False,45,95,False,
german_credit_lending,baseline,random_forest,age,equalized_odds_diff,-0.07017543859649122,-0.18947368421052624,0.03040935672514622,0.203,False,45,95,False,driven_by_tpr_gap
german_credit_lending,baseline,random_forest,age,predictive_parity_diff,-0.07242063492063489,-0.21727843915343914,0.07242063492063489,0.3275,False,54,112,False,
german_credit_lending,baseline,random_forest,age,accuracy_equality_diff,-0.08297378028542979,-0.2141829848434561,0.04369952428365975,0.2485,False,69,131,False,
german_credit_lending,baseline,gradient_boosting,age,demographic_parity_diff,-0.033410775528266434,-0.1524504923110963,0.08408009735590227,0.6005,False,69,131,False,
german_credit_lending,baseline,gradient_boosting,age,disparate_impact_ratio,0.958316132060798,0.8186413561096639,1.1091672081494206,0.6005,False,69,131,False,
german_credit_lending,baseline,gradient_boosting,age,equal_opportunity_diff,-0.04912280701754379,-0.16023391812865495,0.0690058479532164,0.541,False,45,95,False,
german_credit_lending,baseline,gradient_boosting,age,equalized_odds_diff,0.08333333333333337,-0.18055555555555552,0.33333333333333337,0.5985,False,24,36,True,driven_by_fpr_gap
german_credit_lending,baseline,gradient_boosting,age,predictive_parity_diff,-0.09272237196765509,-0.23468104222821207,0.03111410601976534,0.219,False,53,105,False,
german_credit_lending,baseline,gradient_boosting,age,accuracy_equality_diff,-0.09138179002101998,-0.22568868237636908,0.03374267064940806,0.157,False,69,131,False,
german_credit_lending,unawareness,logistic_regression,age,demographic_parity_diff,-0.07688903639783162,-0.202032857616993,0.05432016816019469,0.2835,False,69,131,False,
german_credit_lending,unawareness,logistic_regression,age,disparate_impact_ratio,0.9040718933187242,0.7593365574558482,1.0704593529321476,0.215,False,69,131,False,
german_credit_lending,unawareness,logistic_regression,age,equal_opportunity_diff,-0.09707602339181287,-0.2433918128654969,0.04561403508771933,0.252,False,45,95,False,
german_credit_lending,unawareness,logistic_regression,age,equalized_odds_diff,-0.09707602339181287,-0.2433918128654969,0.04561403508771933,0.252,False,45,95,False,driven_by_tpr_gap
german_credit_lending,unawareness,logistic_regression,age,predictive_parity_diff,-0.09142857142857141,-0.24761904761904763,0.05428571428571427,0.242,False,50,105,False,
german_credit_lending,unawareness,logistic_regression,age,accuracy_equality_diff,-0.10122801194822428,-0.24239407014050218,0.036859718995463996,0.15,False,69,131,False,
german_credit_lending,unawareness,random_forest,age,demographic_parity_diff,0.000885053656377921,-0.1036619095032636,0.0985922115278238,1.0,False,69,131,False,
german_credit_lending,unawareness,random_forest,age,disparate_impact_ratio,1.0010540171900841,0.8826299431496079,1.124384251539433,1.0,False,69,131,False,
german_credit_lending,unawareness,random_forest,age,equal_opportunity_diff,0.01754385964912286,-0.07953216374269012,0.1040935672514619,0.7485,False,45,95,False,
german_credit_lending,unawareness,random_forest,age,equalized_odds_diff,0.02777777777777779,-0.20833333333333337,0.25034722222222033,1.0,False,24,36,True,driven_by_fpr_gap
german_credit_lending,unawareness,random_forest,age,predictive_parity_diff,-0.06677115987460813,-0.19937304075235107,0.07398119122257052,0.32,False,58,110,False,
german_credit_lending,unawareness,random_forest,age,accuracy_equality_diff,-0.03872109746653396,-0.17070472397389092,0.08717778515322494,0.618,False,69,131,False,
german_credit_lending,unawareness,gradient_boosting,age,demographic_parity_diff,-0.0394955194158646,-0.17072408452262414,0.08493196150016545,0.609,False,69,131,False,
german_credit_lending,unawareness,gradient_boosting,age,disparate_impact_ratio,0.9492754274651053,0.7924044061562832,1.1180352549242076,0.609,False,69,131,False,
german_credit_lending,unawareness,gradient_boosting,age,equal_opportunity_diff,-0.01754385964912275,-0.1380116959064327,0.10058479532163744,0.7775,False,45,95,False,
german_credit_lending,unawareness,gradient_boosting,age,equalized_odds_diff,-0.01754385964912275,-0.1380116959064327,0.10058479532163744,0.7775,False,45,95,False,driven_by_tpr_gap
german_credit_lending,unawareness,gradient_boosting,age,predictive_parity_diff,-0.05882352941176472,-0.196078431372549,0.07843137254901955,0.5295,False,51,102,False,
german_credit_lending,unawareness,gradient_boosting,age,accuracy_equality_diff,-0.0394955194158646,-0.17227292842128553,0.08408009735590227,0.599,False,69,131,False,
german_credit_lending,unawareness_proxy_removal,logistic_regression,age,demographic_parity_diff,-0.09138179002101998,-0.21805509459010952,0.040601836486337084,0.1705,False,69,131,False,
german_credit_lending,unawareness_proxy_removal,logistic_regression,age,disparate_impact_ratio,0.8859904804046995,0.7383255992048993,1.0526617196141077,0.1705,False,69,131,False,
german_credit_lending,unawareness_proxy_removal,logistic_regression,age,equal_opportunity_diff,-0.08538011695906433,-0.22926900584795318,0.056140350877193046,0.2205,False,45,95,False,
german_credit_lending,unawareness_proxy_removal,logistic_regression,age,equalized_odds_diff,-0.08538011695906433,-0.22926900584795318,0.056140350877193046,0.2205,False,45,95,False,driven_by_tpr_gap
german_credit_lending,unawareness_proxy_removal,logistic_regression,age,predictive_parity_diff,-0.06666666666666665,-0.2123129251700679,0.07346938775510203,0.422,False,49,105,False,
german_credit_lending,unawareness_proxy_removal,logistic_regression,age,accuracy_equality_diff,-0.0730169266511782,-0.20811760150459116,0.05896669985617875,0.325,False,69,131,False,
german_credit_lending,unawareness_proxy_removal,random_forest,age,demographic_parity_diff,0.010841907290629504,-0.10432569974554706,0.12381624073459449,1.0,False,69,131,False,
german_credit_lending,unawareness_proxy_removal,random_forest,age,disparate_impact_ratio,1.0137892043561816,0.873635449812562,1.17144595286772,1.0,False,69,131,False,
german_credit_lending,unawareness_proxy_removal,random_forest,age,equal_opportunity_diff,0.03742690058479525,-0.07251461988304098,0.13684210526315788,0.579,False,45,95,False,
german_credit_lending,unawareness_proxy_removal,random_forest,age,equalized_odds_diff,0.03742690058479525,-0.07251461988304098,0.13684210526315788,0.579,False,45,95,False,driven_by_tpr_gap
german_credit_lending,unawareness_proxy_removal,random_forest,age,predictive_parity_diff,-0.060370697263901096,-0.20953221535745803,0.07911297440423633,0.4135,False,55,103,False,
german_credit_lending,unawareness_proxy_removal,random_forest,age,accuracy_equality_diff,-0.016594756057086046,-0.14413651952649612,0.1100785485120035,0.856,False,69,131,False,
german_credit_lending,unawareness_proxy_removal,gradient_boosting,age,demographic_parity_diff,-0.018143599955747325,-0.14404248257550611,0.0985922115278238,0.865,False,69,131,False,
german_credit_lending,unawareness_proxy_removal,gradient_boosting,age,disparate_impact_ratio,0.976924188628431,0.8261633152027401,1.131061513791469,0.865,False,69,131,False,
german_credit_lending,unawareness_proxy_removal,gradient_boosting,age,equal_opportunity_diff,-0.028070175438596467,-0.14619883040935677,0.08891812865497051,0.7675,False,45,95,False,
german_credit_lending,unawareness_proxy_removal,gradient_boosting,age,equalized_odds_diff,0.08333333333333337,-0.16666666666666663,0.3333333333333333,0.613,False,24,36,True,driven_by_fpr_gap
german_credit_lending,unawareness_proxy_removal,gradient_boosting,age,predictive_parity_diff,-0.08939366184282838,-0.23117787140501922,0.04434420223484152,0.217,False,53,103,False,
german_credit_lending,unawareness_proxy_removal,gradient_boosting,age,accuracy_equality_diff,-0.07611461444850087,-0.21495740679278685,0.04978426817125792,0.2875,False,69,131,False,
german_credit_lending,in_processing,logistic_regression,age,demographic_parity_diff,0.06803849983405241,-0.037357561677176604,0.17105597964376582,0.26,False,69,131,False,
german_credit_lending,in_processing,logistic_regression,age,disparate_impact_ratio,1.0848860224589707,0.9573236152443884,1.2273456221670211,0.26,False,69,131,False,
german_credit_lending,in_processing,logistic_regression,age,equal_opportunity_diff,0.03742690058479525,-0.0736842105263158,0.1427192982456139,0.592,False,45,95,False,
german_credit_lending,in_processing,logistic_regression,age,equalized_odds_diff,0.18055555555555547,-0.04166666666666663,0.38888888888888895,0.174,False,24,36,True,driven_by_fpr_gap
german_credit_lending,in_processing,logistic_regression,age,predictive_parity_diff,-0.1071428571428571,-0.2571428571428571,0.028571428571428473,0.137,False,60,105,False,
german_credit_lending,in_processing,logistic_regression,age,accuracy_equality_diff,-0.07379134860050895,-0.21265350149352805,0.05743721650625063,0.3165,False,69,131,False,
german_credit_lending,in_processing,random_forest,age,demographic_parity_diff,0.05432016816019469,-0.054007633587786194,0.1657456577054983,0.4595,False,69,131,False,
german_credit_lending,in_processing,random_forest,age,disparate_impact_ratio,1.0690867279478071,0.9326140512626271,1.2218810588829179,0.4595,False,69,131,False,
german_credit_lending,in_processing,random_forest,age,equal_opportunity_diff,0.015204678362572999,-0.10409356725146202,0.12397660818713452,1.0,False,45,95,False,
german_credit_lending,in_processing,random_forest,age,equalized_odds_diff,0.19444444444444442,-0.04166666666666674,0.41666666666666663,0.184,False,24,36,True,driven_by_fpr_gap
german_credit_lending,in_processing,random_forest,age,predictive_parity_diff,-0.11617007030465343,-0.26380984265148977,0.020781720790090212,0.1125,False,58,103,False,
german_credit_lending,in_processing,random_forest,age,accuracy_equality_diff,-0.08905852417302806,-0.22261035512777963,0.04524836818232103,0.188,False,69,131,False,
german_credit_lending,in_processing,gradient_boosting,age,demographic_parity_diff,-0.0036508463325588547,-0.1219161411660582,0.1130656046022791,1.0,False,69,131,False,
german_credit_lending,in_processing,gradient_boosting,age,disparate_impact_ratio,0.9953566964923063,0.8498276545766502,1.1506519042184207,1.0,False,69,131,False,
german_credit_lending,in_processing,gradient_boosting,age,equal_opportunity_diff,-0.06081871345029244,-0.191812865497076,0.056140350877193046,0.3785,False,45,95,False,
german_credit_lending,in_processing,gradient_boosting,age,equalized_odds_diff,0.19444444444444442,-0.055555555555555525,0.4305555555555556,0.1915,False,24,36,True,driven_by_fpr_gap
german_credit_lending,in_processing,gradient_boosting,age,predictive_parity_diff,-0.13124775260697585,-0.28029485796476084,0.0071916576770946206,0.072,False,54,103,False,
german_credit_lending,in_processing,gradient_boosting,age,accuracy_equality_diff,-0.13486005089058528,-0.26924161964819104,-0.004425268281889605,0.036,True,69,131,False,
german_credit_lending,post_processing,logistic_regression,age,demographic_parity_diff,0.04668658037393514,-0.07080429251023346,0.1520079654829074,0.465,False,69,131,False,
german_credit_lending,post_processing,logistic_regression,age,disparate_impact_ratio,1.0588070608198128,0.9159526818916206,1.208168367496139,0.465,False,69,131,False,
german_credit_lending,post_processing,logistic_regression,age,equal_opportunity_diff,0.015204678362572999,-0.10643274853801166,0.12646198830409272,1.0,False,45,95,False,
german_credit_lending,post_processing,logistic_regression,age,equalized_odds_diff,0.16666666666666663,-0.06944444444444442,0.38888888888888895,0.2775,False,24,36,True,driven_by_fpr_gap
german_credit_lending,post_processing,logistic_regression,age,predictive_parity_diff,-0.10842175066312998,-0.25994694960212206,0.02988229442970801,0.1295,False,58,104,False,
german_credit_lending,post_processing,logistic_regression,age,accuracy_equality_diff,-0.08142493638676851,-0.2173359884943024,0.051352472618652466,0.231,False,69,131,False,
german_credit_lending,post_processing,random_forest,age,demographic_parity_diff,0.04900984622192717,-0.07534019249917023,0.16650071910609587,0.4725,False,69,131,False,
german_credit_lending,post_processing,random_forest,age,disparate_impact_ratio,1.0655130742128545,0.9031941571729301,1.237280613626446,0.4725,False,69,131,False,
german_credit_lending,post_processing,random_forest,age,equal_opportunity_diff,0.05847953216374269,-0.052777777777777465,0.16494152046783617,0.4425,False,45,95,False,
german_credit_lending,post_processing,random_forest,age,equalized_odds_diff,0.11111111111111116,-0.1388888888888889,0.3611111111111111,0.449,False,24,36,True,driven_by_fpr_gap
german_credit_lending,post_processing,random_forest,age,predictive_parity_diff,-0.08107606679035251,-0.2230055658627087,0.05064935064935061,0.303,False,55,98,False,
german_credit_lending,post_processing,random_forest,age,accuracy_equality_diff,-0.0242283438433456,-0.1524864476158866,0.10167053877641341,0.7185,False,69,131,False,
german_credit_lending,post_processing,gradient_boosting,age,demographic_parity_diff,0.07113618763137519,-0.044805841354132125,0.18494025887819412,0.2915,False,69,131,False,
german_credit_lending,post_processing,gradient_boosting,age,disparate_impact_ratio,1.0960703916957613,0.9405624159063172,1.2726544888479177,0.2915,False,69,131,False,
german_credit_lending,post_processing,gradient_boosting,age,equal_opportunity_diff,0.04795321637426897,-0.062017543859649076,0.15555555555555556,0.586,False,45,95,False,
german_credit_lending,post_processing,gradient_boosting,age,equalized_odds_diff,0.20833333333333331,-0.055555555555555525,0.4444444444444444,0.191,False,24,36,True,driven_by_fpr_gap
german_credit_lending,post_processing,gradient_boosting,age,predictive_parity_diff,-0.11321796759941094,-0.25128865979381443,0.018091863033873112,0.102,False,56,97,False,
german_credit_lending,post_processing,gradient_boosting,age,accuracy_equality_diff,-0.06162186082531251,-0.202032857616993,0.06429638234317944,0.3745,False,69,131,False,
healthcare_readmission,baseline,logistic_regression,gender,demographic_parity_diff,0.0018755295532522603,0.00012128004419862794,0.0034919165116925176,0.038,True,10661,9238,False,
healthcare_readmission,baseline,logistic_regression,gender,disparate_impact_ratio,1.6661533879979253,1.033150069526278,2.7842531298568978,0.038,True,10661,9238,False,
healthcare_readmission,baseline,logistic_regression,gender,equal_opportunity_diff,0.007199144675368745,-0.0028778718847747194,0.01726236043944982,0.2405,False,1243,991,False,
healthcare_readmission,baseline,logistic_regression,gender,equalized_odds_diff,0.007199144675368745,-0.0028778718847747194,0.01726236043944982,0.2405,False,1243,991,False,driven_by_tpr_gap
healthcare_readmission,baseline,logistic_regression,gender,predictive_parity_diff,0.018461538461538418,-0.21080769230769217,0.25234615384615366,1.0,False,50,26,True,
healthcare_readmission,baseline,logistic_regression,gender,accuracy_equality_diff,-0.0092899909203632,-0.017755516304305236,-0.0003558999433808833,0.045,True,10661,9238,False,
healthcare_readmission,baseline,logistic_regression,race,demographic_parity_diff,0.0007580081168697562,-0.0012144132008581844,0.003025662798976515,0.497,False,4541,15358,False,
healthcare_readmission,baseline,logistic_regression,race,disparate_impact_ratio,1.2078267295709457,0.6948936002133829,1.942585818223392,0.497,False,4541,15358,False,
healthcare_readmission,baseline,logistic_regression,race,equal_opportunity_diff,0.003991812784707503,-0.008856152954050527,0.018415175190168557,0.6825,False,467,1767,False,
healthcare_readmission,baseline,logistic_regression,race,equalized_odds_diff,0.003991812784707503,-0.008856152954050527,0.018415175190168557,0.6825,False,467,1767,False,driven_by_tpr_gap
healthcare_readmission,baseline,logistic_regression,race,predictive_parity_diff,-0.03214285714285714,-0.2822321428571427,0.22142857142857147,1.0,False,20,56,True,
healthcare_readmission,baseline,logistic_regression,race,accuracy_equality_diff,0.011903053193718649,0.0014569377286523663,0.02272749843355406,0.027,True,4541,15358,False,
healthcare_readmission,baseline,logistic_regression,age,demographic_parity_diff,-0.0053569319056417245,-0.0069908242685829125,-0.0037378866697332976,0.0,True,9010,10889,False,
healthcare_readmission,baseline,logistic_regression,age,disparate_impact_ratio,0.14231923184340758,0.05192402154518681,0.262007037447817,0.0,True,9010,10889,False,
healthcare_readmission,baseline,logistic_regression,age,equal_opportunity_diff,-0.025096017594142126,-0.03584710280134137,-0.015239386769769367,0.0,True,1118,1116,False,
healthcare_readmission,baseline,logistic_regression,age,equalized_odds_diff,-0.025096017594142126,-0.03584710280134137,-0.015239386769769367,0.0,True,1118,1116,False,driven_by_tpr_gap
healthcare_readmission,baseline,logistic_regression,age,predictive_parity_diff,0.02941176470588236,-0.32352941176470584,0.38235294117647056,1.0,False,8,68,True,
healthcare_readmission,baseline,logistic_regression,age,accuracy_equality_diff,-0.02122825741625034,-0.029920728939763355,-0.012434667137023597,0.0,True,9010,10889,False,
healthcare_readmission,baseline,logistic_regression,gender_x_race,intersectional_demographic_parity_diff,0.0018597788441719427,-0.0006150878323651597,0.004792976676740313,0.137,False,2632,7329,False,
healthcare_readmission,baseline,logistic_regression,gender_x_age,intersectional_demographic_parity_diff,-0.0033170929694363188,-0.005202993696481544,-0.0014557291369925983,0.0,True,5145,5373,False,
healthcare_readmission,baseline,logistic_regression,race_x_age,intersectional_demographic_parity_diff,-0.005614458360040727,-0.007629639208586577,-0.003340106468550325,0.0085,True,1385,7733,False,
healthcare_readmission,baseline,random_forest,gender,demographic_parity_diff,0.001464558762365347,0.0003605170821798821,0.0026479515662266914,0.0135,True,10661,9238,False,
healthcare_readmission,baseline,random_forest,gender,disparate_impact_ratio,2.50174674558837,1.2311655414959177,6.913971632092012,0.0135,True,10661,9238,False,
healthcare_readmission,baseline,random_forest,gender,equal_opportunity_diff,0.0054131593025889485,-0.0018411885570293546,0.013062859378818053,0.2355,False,1243,991,False,
healthcare_readmission,baseline,random_forest,gender,equalized_odds_diff,0.0054131593025889485,-0.0018411885570293546,0.013062859378818053,0.2355,False,1243,991,False,driven_by_tpr_gap
healthcare_readmission,baseline,random_forest,gender,predictive_parity_diff,-0.05555555555555558,-0.4365384615384604,0.32051282051282054,1.0,False,26,9,True,
healthcare_readmission,baseline,random_forest,gender,accuracy_equality_diff,-0.009427136873976782,-0.01808657472604472,-0.0003475251760351256,0.037,True,10661,9238,False,
healthcare_readmission,baseline,random_forest,race,demographic_parity_diff,-0.001137628745163619,-0.002204546964685373,1.966391838060075e-05,0.1505,False,4541,15358,False,
healthcare_readmission,baseline,random_forest,race,disparate_impact_ratio,0.43667578274534635,0.0893699970665615,1.0148673190325854,0.07,False,4541,15358,False,
healthcare_readmission,baseline,random_forest,race,equal_opportunity_diff,-0.004772240056520385,-0.011441015331033253,0.0033495356821285783,0.403,False,467,1767,False,
healthcare_readmission,baseline,random_forest,race,equalized_odds_diff,-0.004772240056520385,-0.011441015331033253,0.0033495356821285783,0.403,False,467,1767,False,driven_by_tpr_gap
healthcare_readmission,baseline,random_forest,race,predictive_parity_diff,-0.016129032258064502,-0.5161290322580645,0.4838709677419355,1.0,False,4,31,True,
healthcare_readmission,baseline,random_forest,race,accuracy_equality_diff,0.012148146882082211,0.0016250229170413305,0.023066651646260063,0.024,True,4541,15358,False,
healthcare_readmission,baseline,random_forest,age,demographic_parity_diff,-0.002402958560039156,-0.003490141004133222,-0.0013736127927571826,0.0,True,9010,10889,False,
healthcare_readmission,baseline,random_forest,age,disparate_impact_ratio,0.15623780536358148,0.02973442150774657,0.3629106812596104,0.0,True,9010,10889,False,
healthcare_readmission,baseline,random_forest,age,equal_opportunity_diff,-0.014338520527567788,-0.022401433691756272,-0.007171624636928463,0.0,True,1118,1116,False,
healthcare_readmission,baseline,random_forest,age,equalized_odds_diff,-0.014338520527567788,-0.022401433691756272,-0.007171624636928463,0.0,True,1118,1116,False,driven_by_tpr_gap
healthcare_readmission,baseline,random_forest,age,predictive_parity_diff,-0.2983870967741935,-0.6774193548387096,0.2016129032258065,0.3445,False,4,31,True,
healthcare_readmission,baseline,random_forest,age,accuracy_equality_diff,-0.022093083582093498,-0.03050470880152853,-0.013183235655447247,0.0,True,9010,10889,False,
healthcare_readmission,baseline,random_forest,gender_x_race,intersectional_demographic_parity_diff,0.00029175847623692536,-0.0013644426251876109,0.0020844038401802226,0.7595,False,2632,7329,False,
healthcare_readmission,baseline,random_forest,gender_x_age,intersectional_demographic_parity_diff,-0.0008975880373685727,-0.0022168937767337933,0.0004299653976610185,0.2675,False,5145,5373,False,
healthcare_readmission,baseline,random_forest,race_x_age,intersectional_demographic_parity_diff,-0.003491529807319281,-0.004784688995215311,-0.002198370619423251,0.0295,True,1385,7733,False,
healthcare_readmission,baseline,gradient_boosting,gender,demographic_parity_diff,0.001024223486555767,-0.00044790993201715597,0.0023811284629404036,0.1655,False,10661,9238,False,
healthcare_readmission,baseline,gradient_boosting,gender,disparate_impact_ratio,1.4728704095979155,0.8366947634835789,2.6528605468707536,0.1655,False,10661,9238,False,
healthcare_readmission,baseline,gradient_boosting,gender,equal_opportunity_diff,0.00700836896509454,-0.0022506865896041043,0.016081073182374245,0.1955,False,1243,991,False,
healthcare_readmission,baseline,gradient_boosting,gender,equalized_odds_diff,0.00700836896509454,-0.0022506865896041043,0.016081073182374245,0.1955,False,1243,991,False,driven_by_tpr_gap
healthcare_readmission,baseline,gradient_boosting,gender,predictive_parity_diff,0.13823529411764707,-0.14117647058823524,0.4058823529411765,0.4065,False,34,20,True,
healthcare_readmission,baseline,gradient_boosting,gender,accuracy_equality_diff,-0.008539592271080698,-0.017192723155717893,0.00035139779517399895,0.062,False,10661,9238,False,
healthcare_readmission,baseline,gradient_boosting,race,demographic_parity_diff,-0.00094812671594618,-0.002415003765807955,0.0006584966093963122,0.3205,False,4541,15358,False,
healthcare_readmission,baseline,gradient_boosting,race,disparate_impact_ratio,0.6765252849149521,0.2604489827920506,1.2776280782918632,0.2615,False,4541,15358,False,
healthcare_readmission,baseline,gradient_boosting,race,equal_opportunity_diff,0.0025388123205714094,-0.008535014402761066,0.015509174261896365,0.826,False,467,1767,False,
healthcare_readmission,baseline,gradient_boosting,race,equalized_odds_diff,0.0025388123205714094,-0.008535014402761066,0.015509174261896365,0.826,False,467,1767,False,driven_by_tpr_gap
healthcare_readmission,baseline,gradient_boosting,race,predictive_parity_diff,0.2888888888888889,-0.04444444444444445,0.5777777777777777,0.154,False,9,45,True,
healthcare_readmission,baseline,gradient_boosting,race,accuracy_equality_diff,0.013379451229309725,0.0029285197083974797,0.024030611302631736,0.0165,True,4541,15358,False,
healthcare_readmission,baseline,gradient_boosting,age,demographic_parity_diff,-0.003336544358575879,-0.004680180305981383,-0.002012539204763149,0.0,True,9010,10889,False,
healthcare_readmission,baseline,gradient_boosting,age,disparate_impact_ratio,0.21036884289428223,0.08262789646899024,0.3936336642348337,0.0,True,9010,10889,False,
healthcare_readmission,baseline,gradient_boosting,age,equal_opportunity_diff,-0.01882361616045037,-0.02778422971127397,-0.00986460557447054,0.0,True,1118,1116,False,
healthcare_readmission,baseline,gradient_boosting,age,equalized_odds_diff,-0.01882361616045037,-0.02778422971127397,-0.00986460557447054,0.0,True,1118,1116,False,driven_by_tpr_gap
healthcare_readmission,baseline,gradient_boosting,age,predictive_parity_diff,-0.04347826086956519,-0.4184782608695652,0.3262228260869558,1.0,False,8,46,True,
healthcare_readmission,baseline,gradient_boosting,age,accuracy_equality_diff,-0.021962943797001477,-0.030528328489615085,-0.013130443577095058,0.0,True,9010,10889,False,
healthcare_readmission,baseline,gradient_boosting,gender_x_race,intersectional_demographic_parity_diff,-3.991720446027596e-05,-0.002134844671270935,0.0022397180538983865,1.0,False,2632,7329,False,
healthcare_readmission,baseline,gradient_boosting,gender_x_age,intersectional_demographic_parity_diff,-0.0022003983854050513,-0.0038919356527806945,-0.000533398012630913,0.0155,True,5145,5373,False,
healthcare_readmission,baseline,gradient_boosting,race_x_age,intersectional_demographic_parity_diff,-0.0041919832533550945,-0.00613172203519914,-0.002101360338107441,0.04,True,1385,7733,False,
healthcare_readmission,unawareness,logistic_regression,gender,demographic_parity_diff,0.0015507839373180752,-0.0001524729556850724,0.003232434529636896,0.0905,False,10661,9238,False,
healthcare_readmission,unawareness,logistic_regression,gender,disparate_impact_ratio,1.4938475809996932,0.9627476540429444,2.446080389082787,0.0905,False,10661,9238,False,
healthcare_readmission,unawareness,logistic_regression,gender,equal_opportunity_diff,0.005180981204127574,-0.005305188368689082,0.015844125691156043,0.406,False,1243,991,False,
healthcare_readmission,unawareness,logistic_regression,gender,equalized_odds_diff,0.005180981204127574,-0.005305188368689082,0.015844125691156043,0.406,False,1243,991,False,driven_by_tpr_gap
healthcare_readmission,unawareness,logistic_regression,gender,predictive_parity_diff,-0.0027586206896552112,-0.23517241379310344,0.22965517241379313,1.0,False,50,29,True,
healthcare_readmission,unawareness,logistic_regression,gender,accuracy_equality_diff,-0.009398239459007973,-0.017959410108112733,-0.0005872846216060444,0.04,True,10661,9238,False,
healthcare_readmission,unawareness,logistic_regression,race,demographic_parity_diff,0.0002773417258719506,-0.0017545022289573952,0.002454859988599479,0.897,False,4541,15358,False,
healthcare_readmission,unawareness,logistic_regression,race,disparate_impact_ratio,1.070972070614682,0.5831808366321928,1.725320843797716,0.897,False,4541,15358,False,
healthcare_readmission,unawareness,logistic_regression,race,equal_opportunity_diff,0.005567209451410524,-0.007158360084780577,0.02055650281329489,0.419,False,467,1767,False,
healthcare_readmission,unawareness,logistic_regression,race,equalized_odds_diff,0.005567209451410524,-0.007158360084780577,0.02055650281329489,0.419,False,467,1767,False,driven_by_tpr_gap
healthcare_readmission,unawareness,logistic_regression,race,predictive_parity_diff,0.05964912280701751,-0.2008771929824562,0.32017543859649117,0.788,False,19,60,True,
healthcare_readmission,unawareness,logistic_regression,race,accuracy_equality_diff,0.012693925917955706,0.0022928752571060216,0.02318750184791719,0.02,True,4541,15358,False,
healthcare_readmission,unawareness,logistic_regression,age,demographic_parity_diff,-0.004618321353739159,-0.0062523118209591305,-0.002946125003299871,0.0,True,9010,10889,False,
healthcare_readmission,unawareness,logistic_regression,age,disparate_impact_ratio,0.23817264117037257,0.11345203094430455,0.40944996383782784,0.0,True,9010,10889,False,
healthcare_readmission,unawareness,logistic_regression,age,equal_opportunity_diff,-0.023307108828489173,-0.03405979700053218,-0.013452080968960188,0.0,True,1118,1116,False,
healthcare_readmission,unawareness,logistic_regression,age,equalized_odds_diff,-0.023307108828489173,-0.03405979700053218,-0.013452080968960188,0.0,True,1118,1116,False,driven_by_tpr_gap
healthcare_readmission,unawareness,logistic_regression,age,predictive_parity_diff,-0.023310023310023298,-0.3006993006993007,0.2832167832167832,1.0,False,13,66,True,
healthcare_readmission,unawareness,logistic_regression,age,accuracy_equality_diff,-0.021522916802780956,-0.030269398936233628,-0.012636145041035197,0.0,True,9010,10889,False,
healthcare_readmission,unawareness,logistic_regression,gender_x_race,intersectional_demographic_parity_diff,0.0008270118996815332,-0.0015604088828117956,0.003468188165347219,0.521,False,2632,7329,False,
healthcare_readmission,unawareness,logistic_regression,gender_x_age,intersectional_demographic_parity_diff,-0.0029118706587684126,-0.005153507522495319,-0.0008233587763892347,0.006,True,5145,5373,False,
healthcare_readmission,unawareness,logistic_regression,race_x_age,intersectional_demographic_parity_diff,-0.005485142441251124,-0.007554197141884773,-0.00326385676091168,0.0155,True,1385,7733,False,superadditive
healthcare_readmission,unawareness,random_forest,gender,demographic_parity_diff,0.0014501100548809226,0.00034606837469545754,0.0026190541512578426,0.017,True,10661,9238,False,
healthcare_readmission,unawareness,random_forest,gender,disparate_impact_ratio,2.3383752776175335,1.2229499636025727,5.621724588745062,0.017,True,10661,9238,False,
healthcare_readmission,unawareness,random_forest,gender,equal_opportunity_diff,0.007826674990440919,0.00017697491421181637,0.015476375066670024,0.0825,False,1243,991,False,
healthcare_readmission,unawareness,random_forest,gender,equalized_odds_diff,0.007826674990440919,0.00017697491421181637,0.015476375066670024,0.0825,False,1243,991,False,driven_by_tpr_gap
healthcare_readmission,unawareness,random_forest,gender,predictive_parity_diff,0.09259259259259256,-0.25555555555555554,0.4555555555555556,0.7165,False,27,10,True,
healthcare_readmission,unawareness,random_forest,gender,accuracy_equality_diff,-0.008849889179530446,-0.0174522711367888,0.00010644701937177729,0.0515,False,10661,9238,False,
healthcare_readmission,unawareness,random_forest,race,demographic_parity_diff,-0.0001265402094312877,-0.0014635758918202654,0.00139047651644568,1.0,False,4541,15358,False,
healthcare_readmission,unawareness,random_forest,race,disparate_impact_ratio,0.9330215213458433,0.31739708482512846,1.9323999796191504,1.0,False,4541,15358,False,
healthcare_readmission,unawareness,random_forest,race,equal_opportunity_diff,-0.0010555157666910248,-0.009743222461763304,0.00908519139251735,1.0,False,467,1767,False,
healthcare_readmission,unawareness,random_forest,race,equalized_odds_diff,-0.0010555157666910248,-0.009743222461763304,0.00908519139251735,1.0,False,467,1767,False,driven_by_tpr_gap
healthcare_readmission,unawareness,random_forest,race,predictive_parity_diff,-0.08620689655172409,-0.47413793103448276,0.2887931034482759,0.7125,False,8,29,True,
healthcare_readmission,unawareness,random_forest,race,accuracy_equality_diff,0.011887696302579687,0.0012690237252927174,0.022933231305838495,0.026,True,4541,15358,False,
healthcare_readmission,unawareness,random_forest,age,demographic_parity_diff,-0.002383806566290106,-0.003562824807978074,-0.0012817769951632809,0.0,True,9010,10889,False,
healthcare_readmission,unawareness,random_forest,age,disparate_impact_ratio,0.1891112521013408,0.03585425420468742,0.4185863674017703,0.0,True,9010,10889,False,
healthcare_readmission,unawareness,random_forest,age,equal_opportunity_diff,-0.015236180840081817,-0.023300696969114073,-0.008066119093876032,0.0,True,1118,1116,False,
healthcare_readmission,unawareness,random_forest,age,equalized_odds_diff,-0.015236180840081817,-0.023300696969114073,-0.008066119093876032,0.0,True,1118,1116,False,driven_by_tpr_gap
healthcare_readmission,unawareness,random_forest,age,predictive_parity_diff,-0.19374999999999998,-0.625,0.26875000000000004,0.643,False,5,32,True,
healthcare_readmission,unawareness,random_forest,age,accuracy_equality_diff,-0.022257603183532204,-0.03074667421398596,-0.013634631024456414,0.0,True,9010,10889,False,
healthcare_readmission,unawareness,random_forest,gender_x_race,intersectional_demographic_parity_diff,0.0011880811582085737,-0.0007116148904236449,0.0032536150471893935,0.235,False,2632,7329,False,
healthcare_readmission,unawareness,random_forest,gender_x_age,intersectional_demographic_parity_diff,-0.0008893403417042019,-0.0023949680374662423,0.000607833466001859,0.2975,False,5145,5373,False,
healthcare_readmission,unawareness,random_forest,race_x_age,intersectional_demographic_parity_diff,-0.0025108763090902556,-0.004267425320056899,-0.0005495693126322046,0.171,False,1385,7733,False,superadditive
healthcare_readmission,unawareness,gradient_boosting,gender,demographic_parity_diff,0.0009015262404266145,-0.0006067898690252586,0.002344762244030689,0.2835,False,10661,9238,False,
healthcare_readmission,unawareness,gradient_boosting,gender,disparate_impact_ratio,1.3784001703766875,0.8105783003935233,2.483118738681615,0.2295,False,10661,9238,False,
healthcare_readmission,unawareness,gradient_boosting,gender,equal_opportunity_diff,0.0031766185289487936,-0.006491245018521481,0.01263990557008247,0.592,False,1243,991,False,
healthcare_readmission,unawareness,gradient_boosting,gender,equalized_odds_diff,0.0031766185289487936,-0.006491245018521481,0.01263990557008247,0.592,False,1243,991,False,driven_by_tpr_gap
healthcare_readmission,unawareness,gradient_boosting,gender,predictive_parity_diff,-0.0025974025974025983,-0.2767532467532466,0.2649350649350649,1.0,False,35,22,True,
healthcare_readmission,unawareness,gradient_boosting,gender,accuracy_equality_diff,-0.009253985919140506,-0.017869999972991126,-0.00021240716908515504,0.047,True,10661,9238,False,
healthcare_readmission,unawareness,gradient_boosting,race,demographic_parity_diff,-0.0008581361942021841,-0.002325013244063959,0.0008388615751627745,0.3285,False,4541,15358,False,
healthcare_readmission,unawareness,gradient_boosting,race,disparate_impact_ratio,0.7196819032930231,0.3148562829996008,1.3151167360663192,0.3285,False,4541,15358,False,
healthcare_readmission,unawareness,gradient_boosting,race,equal_opportunity_diff,0.0014069504077247764,-0.009991074771961326,0.013688985190059488,0.836,False,467,1767,False,
healthcare_readmission,unawareness,gradient_boosting,race,equalized_odds_diff,0.0014069504077247764,-0.009991074771961326,0.013688985190059488,0.836,False,467,1767,False,driven_by_tpr_gap
healthcare_readmission,unawareness,gradient_boosting,race,predictive_parity_diff,0.18936170212765957,-0.13829787234042556,0.4893617021276596,0.314,False,10,47,True,
healthcare_readmission,unawareness,gradient_boosting,race,accuracy_equality_diff,0.013029010128063234,0.002740200991450123,0.02371327139951241,0.018,True,4541,15358,False,
healthcare_readmission,unawareness,gradient_boosting,age,demographic_parity_diff,-0.0034092281624207308,-0.004825069113827363,-0.0020277670273608503,0.0,True,9010,10889,False,
healthcare_readmission,unawareness,gradient_boosting,age,disparate_impact_ratio,0.22677779491649622,0.0931549783687341,0.42173227107677563,0.0,True,9010,10889,False,
healthcare_readmission,unawareness,gradient_boosting,age,equal_opportunity_diff,-0.017034707394797417,-0.026888132289482627,-0.008075736882938684,0.001,True,1118,1116,False,
healthcare_readmission,unawareness,gradient_boosting,age,equalized_odds_diff,-0.017034707394797417,-0.026888132289482627,-0.008075736882938684,0.001,True,1118,1116,False,driven_by_tpr_gap
healthcare_readmission,unawareness,gradient_boosting,age,predictive_parity_diff,0.14583333333333326,-0.2222222222222222,0.45833333333333337,0.4915,False,9,48,True,
healthcare_readmission,unawareness,gradient_boosting,age,accuracy_equality_diff,-0.021446308827784866,-0.02995455351137379,-0.012551341154291365,0.0,True,9010,10889,False,
healthcare_readmission,unawareness,gradient_boosting,gender_x_race,intersectional_demographic_parity_diff,6.713348022864551e-05,-0.0022712889337896955,0.0026196572636248304,1.0,False,2632,7329,False,
healthcare_readmission,unawareness,gradient_boosting,gender_x_age,intersectional_demographic_parity_diff,-0.0023947618450746336,-0.004078051416785905,-0.000881092646039831,0.006,True,5145,5373,False,
healthcare_readmission,unawareness,gradient_boosting,race_x_age,intersectional_demographic_parity_diff,-0.004321299172144698,-0.006261037953988743,-0.0021768024048092454,0.0255,True,1385,7733,False,superadditive
healthcare_readmission,unawareness_proxy_removal,logistic_regression,gender,demographic_parity_diff,0.001031798142763343,0.0004689991558015196,0.0016883969608854704,0.001,True,10661,9238,False,
healthcare_readmission,unawareness_proxy_removal,logistic_regression,gender,disparate_impact_ratio,1032.798142763343,469.99915580151963,1689.3969608854704,0.001,True,10661,9238,False,
healthcare_readmission,unawareness_proxy_removal,logistic_regression,gender,equal_opportunity_diff,0.002413515687851971,0.0,0.0056315366049879325,0.2645,False,1243,991,False,
healthcare_readmission,unawareness_proxy_removal,logistic_regression,gender,equalized_odds_diff,0.002413515687851971,0.0,0.0056315366049879325,0.2645,False,1243,991,False,driven_by_tpr_gap
healthcare_readmission,unawareness_proxy_removal,logistic_regression,gender,predictive_parity_diff,,,,,False,11,0,False,insufficient_data
healthcare_readmission,unawareness_proxy_removal,logistic_regression,gender,accuracy_equality_diff,-0.009787887491133462,-0.018296341934521308,-0.0008035423255441441,0.032,True,10661,9238,False,
healthcare_readmission,unawareness_proxy_removal,logistic_regression,race,demographic_parity_diff,-0.0007162390936319834,-0.0011720276077614273,-0.00032556322437817426,0.076,False,4541,15358,False,
healthcare_readmission,unawareness_proxy_removal,logistic_regression,race,disparate_impact_ratio,0.0013942352123280967,0.0008524948546678895,0.0030621941644046143,0.0565,False,4541,15358,False,
healthcare_readmission,unawareness_proxy_removal,logistic_regression,race,equal_opportunity_diff,-0.001697792869269949,-0.003961516694963215,0.0,0.5825,False,467,1767,False,
healthcare_readmission,unawareness_proxy_removal,logistic_regression,race,equalized_odds_diff,-0.001697792869269949,-0.003961516694963215,0.0,0.5825,False,467,1767,False,driven_by_tpr_gap
healthcare_readmission,unawareness_proxy_removal,logistic_regression,race,predictive_parity_diff,,,,,False,0,11,False,insufficient_data
healthcare_readmission,unawareness_proxy_removal,logistic_regression,race,accuracy_equality_diff,0.01253882275133611,0.001881774435860848,0.02317156136623739,0.021,True,4541,15358,False,
healthcare_readmission,unawareness_proxy_removal,logistic_regression,age,demographic_parity_diff,-0.0010101937735329232,-0.0016530443566902379,-0.00045917898796951054,0.002,True,9010,10889,False,
healthcare_readmission,unawareness_proxy_removal,logistic_regression,age,disparate_impact_ratio,0.0009889301399732574,0.0006045787079138626,0.0021730674936124104,0.0015,True,9010,10889,False,
healthcare_readmission,unawareness_proxy_removal,logistic_regression,age,equal_opportunity_diff,-0.002688172043010753,-0.0062724014336917565,0.0,0.125,False,1118,1116,False,
healthcare_readmission,unawareness_proxy_removal,logistic_regression,age,equalized_odds_diff,-0.002688172043010753,-0.0062724014336917565,0.0,0.125,False,1118,1116,False,driven_by_tpr_gap
healthcare_readmission,unawareness_proxy_removal,logistic_regression,age,predictive_parity_diff,,,,,False,0,11,False,insufficient_data
healthcare_readmission,unawareness_proxy_removal,logistic_regression,age,accuracy_equality_diff,-0.021136421618656365,-0.02983385721867587,-0.012246465417502767,0.0,True,9010,10889,False,
healthcare_readmission,unawareness_proxy_removal,logistic_regression,gender_x_race,intersectional_demographic_parity_diff,0.0,0.0,0.0,1.0,False,2632,7329,False,
healthcare_readmission,unawareness_proxy_removal,logistic_regression,gender_x_age,intersectional_demographic_parity_diff,0.0,0.0,0.0,1.0,False,5145,5373,False,
healthcare_readmission,unawareness_proxy_removal,logistic_regression,race_x_age,intersectional_demographic_parity_diff,-0.001422475106685633,-0.002327686538212854,-0.000646579593948015,0.238,False,1385,7733,False,
healthcare_readmission,unawareness_proxy_removal,random_forest,gender,demographic_parity_diff,0.00010090741741406156,-0.0006134862306457634,0.000800852357989462,1.0,False,10661,9238,False,
healthcare_readmission,unawareness_proxy_removal,random_forest,gender,disparate_impact_ratio,1.1551249463028592,0.372195454167295,4.7485610180813635,0.825,False,10661,9238,False,
healthcare_readmission,unawareness_proxy_removal,random_forest,gender,equal_opportunity_diff,-0.00040915301267318996,-0.004240903448818936,0.0030134444107993664,1.0,False,1243,991,False,
healthcare_readmission,unawareness_proxy_removal,random_forest,gender,equalized_odds_diff,-0.00040915301267318996,-0.004240903448818936,0.0030134444107993664,1.0,False,1243,991,False,driven_by_tpr_gap
healthcare_readmission,unawareness_proxy_removal,random_forest,gender,predictive_parity_diff,-0.08333333333333331,-0.5416666666666666,0.375,1.0,False,8,6,True,
healthcare_readmission,unawareness_proxy_removal,random_forest,gender,accuracy_equality_diff,-0.009477590582683826,-0.018095410724969993,-0.00038529793549595316,0.0385,True,10661,9238,False,
healthcare_readmission,unawareness_proxy_removal,random_forest,race,demographic_parity_diff,-5.55916591461873e-05,-0.0008215865065148922,0.0008408665026170223,1.0,False,4541,15358,False,
healthcare_readmission,unawareness_proxy_removal,random_forest,race,disparate_impact_ratio,0.9224921513066444,0.0013942352123280967,2.813752758309884,1.0,False,4541,15358,False,
healthcare_readmission,unawareness_proxy_removal,random_forest,race,equal_opportunity_diff,-0.0022637238256932655,-0.004527447651386531,-0.0005659309564233164,0.588,False,467,1767,False,
healthcare_readmission,unawareness_proxy_removal,random_forest,race,equalized_odds_diff,-0.0022637238256932655,-0.004527447651386531,-0.0005659309564233164,0.588,False,467,1767,False,driven_by_tpr_gap
healthcare_readmission,unawareness_proxy_removal,random_forest,race,predictive_parity_diff,-0.36363636363636365,-0.6363636363636364,-0.09090909090909091,0.4925,False,3,11,True,
healthcare_readmission,unawareness_proxy_removal,random_forest,race,accuracy_equality_diff,0.011747950027099052,0.0012273070387987695,0.022546987570152423,0.032,True,4541,15358,False,
healthcare_readmission,unawareness_proxy_removal,random_forest,age,demographic_parity_diff,-0.0006772303995040663,-0.0014310687740043332,4.402970995072363e-06,0.1005,False,9010,10889,False,
healthcare_readmission,unawareness_proxy_removal,random_forest,age,disparate_impact_ratio,0.3302664462242987,0.0009889301399732574,1.0078271166579804,0.064,False,9010,10889,False,
healthcare_readmission,unawareness_proxy_removal,random_forest,age,equal_opportunity_diff,-0.0035842293906810036,-0.007168458781362007,-0.0008960573476702509,0.0705,False,1118,1116,False,
healthcare_readmission,unawareness_proxy_removal,random_forest,age,equalized_odds_diff,-0.0035842293906810036,-0.007168458781362007,-0.0008960573476702509,0.0705,False,1118,1116,False,driven_by_tpr_gap
healthcare_readmission,unawareness_proxy_removal,random_forest,age,predictive_parity_diff,-0.36363636363636365,-0.6363636363636364,-0.09090909090909091,0.4925,False,3,11,True,
healthcare_readmission,unawareness_proxy_removal,random_forest,age,accuracy_equality_diff,-0.021653056587873087,-0.030233908630414322,-0.012766469313134483,0.0,True,9010,10889,False,
healthcare_readmission,unawareness_proxy_removal,random_forest,gender_x_race,intersectional_demographic_parity_diff,7.76571068590821e-05,-0.0009871796825783854,0.0013539189985571744,1.0,False,2632,7329,False,
healthcare_readmission,unawareness_proxy_removal,random_forest,gender_x_age,intersectional_demographic_parity_diff,-0.0005500995963512628,-0.00148892611204169,0.00021910654666269477,0.3795,False,5145,5373,False,
healthcare_readmission,unawareness_proxy_removal,random_forest,race_x_age,intersectional_demographic_parity_diff,-0.0004418216084566075,-0.001810422863054442,0.001315266607875383,0.706,False,1385,7733,False,
healthcare_readmission,unawareness_proxy_removal,gradient_boosting,gender,demographic_parity_diff,-5.7794829937697515e-05,-0.0005845888156769146,0.0004689991558015196,1.0,False,10661,9238,False,
healthcare_readmission,unawareness_proxy_removal,gradient_boosting,gender,disparate_impact_ratio,0.8668303954605714,0.17482915370738772,5.1607004904227995,1.0,False,10661,9238,False,
healthcare_readmission,unawareness_proxy_removal,gradient_boosting,gender,equal_opportunity_diff,-0.00020457650633659498,-0.0030272452068617556,0.002413515687851971,1.0,False,1243,991,False,
healthcare_readmission,unawareness_proxy_removal,gradient_boosting,gender,equalized_odds_diff,-0.00020457650633659498,-0.0030272452068617556,0.002413515687851971,1.0,False,1243,991,False,driven_by_tpr_gap
healthcare_readmission,unawareness_proxy_removal,gradient_boosting,gender,predictive_parity_diff,0.0,-0.5,0.5,1.0,False,4,4,True,
healthcare_readmission,unawareness_proxy_removal,gradient_boosting,gender,accuracy_equality_diff,-0.0092899909203632,-0.017920643048103358,-0.00027576470063582,0.039,True,10661,9238,False,
healthcare_readmission,unawareness_proxy_removal,gradient_boosting,race,demographic_parity_diff,-0.0005209011590050788,-0.0009115770282588879,-0.00019533793462690453,0.2085,False,4541,15358,False,
healthcare_readmission,unawareness_proxy_removal,gradient_boosting,race,disparate_impact_ratio,0.0019160716215046163,0.0010957979096930667,0.005093259241522897,0.1295,False,4541,15358,False,
healthcare_readmission,unawareness_proxy_removal,gradient_boosting,race,equal_opportunity_diff,-0.0011318619128466328,-0.0028296547821165816,0.0,1.0,False,467,1767,False,
healthcare_readmission,unawareness_proxy_removal,gradient_boosting,race,equalized_odds_diff,-0.0011318619128466328,-0.0028296547821165816,0.0,1.0,False,467,1767,False,driven_by_tpr_gap
healthcare_readmission,unawareness_proxy_removal,gradient_boosting,race,predictive_parity_diff,,,,,False,0,8,False,insufficient_data
healthcare_readmission,unawareness_proxy_removal,gradient_boosting,race,accuracy_equality_diff,0.012473710106460478,0.0017878278298355283,0.023161234179570205,0.0215,True,4541,15358,False,
healthcare_readmission,unawareness_proxy_removal,gradient_boosting,age,demographic_parity_diff,-0.00012621561394065374,-0.0006963823932531165,0.0003908981551197309,0.75,False,9010,10889,False,
healthcare_readmission,unawareness_proxy_removal,gradient_boosting,age,disparate_impact_ratio,0.7257249521592319,0.0021730674936124104,3.59735557494465,0.75,False,9010,10889,False,
healthcare_readmission,unawareness_proxy_removal,gradient_boosting,age,equal_opportunity_diff,-1.6029648437750413e-06,-0.002688172043010753,0.0026833631484794273,1.0,False,1118,1116,False,
healthcare_readmission,unawareness_proxy_removal,gradient_boosting,age,equalized_odds_diff,-0.00015586971749851898,-0.0007162590811419216,0.00035097265452378214,0.6905,False,7892,9773,False,driven_by_fpr_gap
healthcare_readmission,unawareness_proxy_removal,gradient_boosting,age,predictive_parity_diff,0.1333333333333333,-0.4,0.8,1.0,False,3,5,True,
healthcare_readmission,unawareness_proxy_removal,gradient_boosting,age,accuracy_equality_diff,-0.02143108100518709,-0.03007684495416309,-0.012686188161050875,0.0,True,9010,10889,False,
healthcare_readmission,unawareness_proxy_removal,gradient_boosting,gender_x_race,intersectional_demographic_parity_diff,-0.0005457770500750444,-0.0012279983626688497,-0.0001364442625187611,0.342,False,2632,7329,False,
healthcare_readmission,unawareness_proxy_removal,gradient_boosting,gender_x_age,intersectional_demographic_parity_diff,-0.00018611576400521124,-0.0005583472920156337,0.0,1.0,False,5145,5373,False,superadditive
healthcare_readmission,unawareness_proxy_removal,gradient_boosting,race_x_age,intersectional_demographic_parity_diff,-0.000646579593948015,-0.00129315918789603,-0.000129315918789603,0.5965,False,1385,7733,False,
healthcare_readmission,in_processing,logistic_regression,gender,demographic_parity_diff,0.001031798142763343,0.0004689991558015196,0.0016883969608854704,0.001,True,10661,9238,False,
healthcare_readmission,in_processing,logistic_regression,gender,disparate_impact_ratio,1032.798142763343,469.99915580151963,1689.3969608854704,0.001,True,10661,9238,False,
healthcare_readmission,in_processing,logistic_regression,gender,equal_opportunity_diff,0.002413515687851971,0.0,0.0056315366049879325,0.2645,False,1243,991,False,
healthcare_readmission,in_processing,logistic_regression,gender,equalized_odds_diff,0.002413515687851971,0.0,0.0056315366049879325,0.2645,False,1243,991,False,driven_by_tpr_gap
healthcare_readmission,in_processing,logistic_regression,gender,predictive_parity_diff,,,,,False,11,0,False,insufficient_data
healthcare_readmission,in_processing,logistic_regression,gender,accuracy_equality_diff,-0.009787887491133462,-0.018296341934521308,-0.0008035423255441441,0.032,True,10661,9238,False,
healthcare_readmission,in_processing,logistic_regression,race,demographic_parity_diff,-0.0007162390936319834,-0.0011720276077614273,-0.00032556322437817426,0.076,False,4541,15358,False,
healthcare_readmission,in_processing,logistic_regression,race,disparate_impact_ratio,0.0013942352123280967,0.0008524948546678895,0.0030621941644046143,0.0565,False,4541,15358,False,
healthcare_readmission,in_processing,logistic_regression,race,equal_opportunity_diff,-0.001697792869269949,-0.003961516694963215,0.0,0.5825,False,467,1767,False,
healthcare_readmission,in_processing,logistic_regression,race,equalized_odds_diff,-0.001697792869269949,-0.003961516694963215,0.0,0.5825,False,467,1767,False,driven_by_tpr_gap
healthcare_readmission,in_processing,logistic_regression,race,predictive_parity_diff,,,,,False,0,11,False,insufficient_data
healthcare_readmission,in_processing,logistic_regression,race,accuracy_equality_diff,0.01253882275133611,0.001881774435860848,0.02317156136623739,0.021,True,4541,15358,False,
healthcare_readmission,in_processing,logistic_regression,age,demographic_parity_diff,-0.0010101937735329232,-0.0016530443566902379,-0.00045917898796951054,0.002,True,9010,10889,False,
healthcare_readmission,in_processing,logistic_regression,age,disparate_impact_ratio,0.0009889301399732574,0.0006045787079138626,0.0021730674936124104,0.0015,True,9010,10889,False,
healthcare_readmission,in_processing,logistic_regression,age,equal_opportunity_diff,-0.002688172043010753,-0.0062724014336917565,0.0,0.125,False,1118,1116,False,
healthcare_readmission,in_processing,logistic_regression,age,equalized_odds_diff,-0.002688172043010753,-0.0062724014336917565,0.0,0.125,False,1118,1116,False,driven_by_tpr_gap
healthcare_readmission,in_processing,logistic_regression,age,predictive_parity_diff,,,,,False,0,11,False,insufficient_data
healthcare_readmission,in_processing,logistic_regression,age,accuracy_equality_diff,-0.021136421618656365,-0.02983385721867587,-0.012246465417502767,0.0,True,9010,10889,False,
healthcare_readmission,in_processing,logistic_regression,gender_x_race,intersectional_demographic_parity_diff,0.0,0.0,0.0,1.0,False,2632,7329,False,
healthcare_readmission,in_processing,logistic_regression,gender_x_age,intersectional_demographic_parity_diff,0.0,0.0,0.0,1.0,False,5145,5373,False,
healthcare_readmission,in_processing,logistic_regression,race_x_age,intersectional_demographic_parity_diff,-0.001422475106685633,-0.002327686538212854,-0.000646579593948015,0.238,False,1385,7733,False,
healthcare_readmission,in_processing,random_forest,gender,demographic_parity_diff,-3.623853619951552e-05,-0.0009382318465799482,0.000837218576899177,1.0,False,10661,9238,False,
healthcare_readmission,in_processing,random_forest,gender,disparate_impact_ratio,0.9628412971872733,0.34701129008370213,2.742015350553809,1.0,False,10661,9238,False,
healthcare_readmission,in_processing,random_forest,gender,equal_opportunity_diff,-0.001418234748293775,-0.005669022002527963,0.002400059911691139,0.6725,False,1243,991,False,
healthcare_readmission,in_processing,random_forest,gender,equalized_odds_diff,-0.001418234748293775,-0.005669022002527963,0.002400059911691139,0.6725,False,1243,991,False,driven_by_tpr_gap
healthcare_readmission,in_processing,random_forest,gender,predictive_parity_diff,-0.1333333333333333,-0.5555555555555556,0.2888888888888889,0.5975,False,10,9,True,
healthcare_readmission,in_processing,random_forest,gender,accuracy_equality_diff,-0.009556941706359567,-0.018266939119401377,-0.000493073565812476,0.04,True,10661,9238,False,
healthcare_readmission,in_processing,random_forest,race,demographic_parity_diff,-0.0003811548835243615,-0.0011873844989003404,0.0006056777222613144,0.605,False,4541,15358,False,
healthcare_readmission,in_processing,random_forest,race,disparate_impact_ratio,0.6344898002800098,0.0010228194359401888,1.82014809201637,0.4615,False,4541,15358,False,
healthcare_readmission,in_processing,random_forest,race,equal_opportunity_diff,-0.0028296547821165816,-0.005659309564233163,-0.0005659309564233164,0.3825,False,467,1767,False,
healthcare_readmission,in_processing,random_forest,race,equalized_odds_diff,-0.0028296547821165816,-0.005659309564233163,-0.0005659309564233164,0.3825,False,467,1767,False,driven_by_tpr_gap
healthcare_readmission,in_processing,random_forest,race,predictive_parity_diff,-0.3125,-0.5625,-0.125,0.5425,False,3,16,True,
healthcare_readmission,in_processing,random_forest,race,accuracy_equality_diff,0.011943287961725946,0.001474789576895152,0.02263668629662581,0.0295,True,4541,15358,False,
healthcare_readmission,in_processing,random_forest,age,demographic_parity_diff,-0.0009335857985367224,-0.0017984119643799418,-0.00014144343653835515,0.038,True,9010,10889,False,
healthcare_readmission,in_processing,random_forest,age,disparate_impact_ratio,0.32277057273114407,0.06414403134610945,0.8461497694694099,0.038,True,9010,10889,False,
healthcare_readmission,in_processing,random_forest,age,equal_opportunity_diff,-0.002689775007854528,-0.007168458781362007,0.0008928514179827008,0.224,False,1118,1116,False,
healthcare_readmission,in_processing,random_forest,age,equalized_odds_diff,-0.002689775007854528,-0.007168458781362007,0.0008928514179827008,0.224,False,1118,1116,False,driven_by_tpr_gap
healthcare_readmission,in_processing,random_forest,age,predictive_parity_diff,-0.016666666666666663,-0.400416666666666,0.48374999999999774,1.0,False,4,15,True,
healthcare_readmission,in_processing,random_forest,age,accuracy_equality_diff,-0.02117472560615452,-0.029892880829853138,-0.01234040829115188,0.0,True,9010,10889,False,
healthcare_readmission,in_processing,random_forest,gender_x_race,intersectional_demographic_parity_diff,-0.0003316756806972012,-0.0015302804655362113,0.0010810304735196525,0.736,False,2632,7329,False,
healthcare_readmission,in_processing,random_forest,gender_x_age,intersectional_demographic_parity_diff,-0.0009140834286973144,-0.0020390257083929527,0.00021910654666269477,0.17,False,5145,5373,False,
healthcare_readmission,in_processing,random_forest,race_x_age,intersectional_demographic_parity_diff,-0.001551791025475236,-0.002457002457002457,-0.000775895512737618,0.2265,False,1385,7733,False,superadditive
healthcare_readmission,in_processing,gradient_boosting,gender,demographic_parity_diff,-5.7794829937697515e-05,-0.0005845888156769146,0.0004689991558015196,1.0,False,10661,9238,False,
healthcare_readmission,in_processing,gradient_boosting,gender,disparate_impact_ratio,0.8668303954605714,0.17482915370738772,5.1607004904227995,1.0,False,10661,9238,False,
healthcare_readmission,in_processing,gradient_boosting,gender,equal_opportunity_diff,-0.00020457650633659498,-0.0030272452068617556,0.002413515687851971,1.0,False,1243,991,False,
healthcare_readmission,in_processing,gradient_boosting,gender,equalized_odds_diff,-0.00020457650633659498,-0.0030272452068617556,0.002413515687851971,1.0,False,1243,991,False,driven_by_tpr_gap
healthcare_readmission,in_processing,gradient_boosting,gender,predictive_parity_diff,0.0,-0.5,0.5,1.0,False,4,4,True,
healthcare_readmission,in_processing,gradient_boosting,gender,accuracy_equality_diff,-0.0092899909203632,-0.017920643048103358,-0.00027576470063582,0.039,True,10661,9238,False,
healthcare_readmission,in_processing,gradient_boosting,race,demographic_parity_diff,-0.0005209011590050788,-0.0009115770282588879,-0.00019533793462690453,0.2085,False,4541,15358,False,
healthcare_readmission,in_processing,gradient_boosting,race,disparate_impact_ratio,0.0019160716215046163,0.0010957979096930667,0.005093259241522897,0.1295,False,4541,15358,False,
healthcare_readmission,in_processing,gradient_boosting,race,equal_opportunity_diff,-0.0011318619128466328,-0.0028296547821165816,0.0,1.0,False,467,1767,False,
healthcare_readmission,in_processing,gradient_boosting,race,equalized_odds_diff,-0.0011318619128466328,-0.0028296547821165816,0.0,1.0,False,467,1767,False,driven_by_tpr_gap
healthcare_readmission,in_processing,gradient_boosting,race,predictive_parity_diff,,,,,False,0,8,False,insufficient_data
healthcare_readmission,in_processing,gradient_boosting,race,accuracy_equality_diff,0.012473710106460478,0.0017878278298355283,0.023161234179570205,0.0215,True,4541,15358,False,
healthcare_readmission,in_processing,gradient_boosting,age,demographic_parity_diff,-0.00012621561394065374,-0.0006963823932531165,0.0003908981551197309,0.75,False,9010,10889,False,
healthcare_readmission,in_processing,gradient_boosting,age,disparate_impact_ratio,0.7257249521592319,0.0021730674936124104,3.59735557494465,0.75,False,9010,10889,False,
healthcare_readmission,in_processing,gradient_boosting,age,equal_opportunity_diff,-1.6029648437750413e-06,-0.002688172043010753,0.0026833631484794273,1.0,False,1118,1116,False,
healthcare_readmission,in_processing,gradient_boosting,age,equalized_odds_diff,-0.00015586971749851898,-0.0007162590811419216,0.00035097265452378214,0.6905,False,7892,9773,False,driven_by_fpr_gap
healthcare_readmission,in_processing,gradient_boosting,age,predictive_parity_diff,0.1333333333333333,-0.4,0.8,1.0,False,3,5,True,
healthcare_readmission,in_processing,gradient_boosting,age,accuracy_equality_diff,-0.02143108100518709,-0.03007684495416309,-0.012686188161050875,0.0,True,9010,10889,False,
healthcare_readmission,in_processing,gradient_boosting,gender_x_race,intersectional_demographic_parity_diff,-0.0005457770500750444,-0.0012279983626688497,-0.0001364442625187611,0.342,False,2632,7329,False,
healthcare_readmission,in_processing,gradient_boosting,gender_x_age,intersectional_demographic_parity_diff,-0.00018611576400521124,-0.0005583472920156337,0.0,1.0,False,5145,5373,False,superadditive
healthcare_readmission,in_processing,gradient_boosting,race_x_age,intersectional_demographic_parity_diff,-0.000646579593948015,-0.00129315918789603,-0.000129315918789603,0.5965,False,1385,7733,False,
healthcare_readmission,post_processing,logistic_regression,gender,demographic_parity_diff,0.0,0.0,0.0,1.0,False,10661,9238,False,
healthcare_readmission,post_processing,logistic_regression,gender,disparate_impact_ratio,1.0,1.0,1.0,1.0,False,10661,9238,False,
healthcare_readmission,post_processing,logistic_regression,gender,equal_opportunity_diff,0.0,0.0,0.0,1.0,False,1243,991,False,
healthcare_readmission,post_processing,logistic_regression,gender,equalized_odds_diff,0.0,0.0,0.0,1.0,False,1243,991,False,driven_by_tpr_gap
healthcare_readmission,post_processing,logistic_regression,gender,predictive_parity_diff,,,,,False,0,0,False,insufficient_data
healthcare_readmission,post_processing,logistic_regression,gender,accuracy_equality_diff,-0.00931888833533201,-0.01790578311598575,-0.0005003194961558455,0.0385,True,10661,9238,False,
healthcare_readmission,post_processing,logistic_regression,race,demographic_parity_diff,0.0,0.0,0.0,1.0,False,4541,15358,False,
healthcare_readmission,post_processing,logistic_regression,race,disparate_impact_ratio,1.0,1.0,1.0,1.0,False,4541,15358,False,
healthcare_readmission,post_processing,logistic_regression,race,equal_opportunity_diff,0.0,0.0,0.0,1.0,False,467,1767,False,
healthcare_readmission,post_processing,logistic_regression,race,equalized_odds_diff,0.0,0.0,0.0,1.0,False,467,1767,False,driven_by_tpr_gap
healthcare_readmission,post_processing,logistic_regression,race,predictive_parity_diff,,,,,False,0,0,False,insufficient_data
healthcare_readmission,post_processing,logistic_regression,race,accuracy_equality_diff,0.012213259526957843,0.0016925104312865594,0.022848063650886718,0.024,True,4541,15358,False,
healthcare_readmission,post_processing,logistic_regression,age,demographic_parity_diff,0.0,0.0,0.0,1.0,False,9010,10889,False,
healthcare_readmission,post_processing,logistic_regression,age,disparate_impact_ratio,1.0,1.0,1.0,1.0,False,9010,10889,False,
healthcare_readmission,post_processing,logistic_regression,age,equal_opportunity_diff,0.0,0.0,0.0,1.0,False,1118,1116,False,
healthcare_readmission,post_processing,logistic_regression,age,equalized_odds_diff,0.0,0.0,0.0,1.0,False,1118,1116,False,driven_by_tpr_gap
healthcare_readmission,post_processing,logistic_regression,age,predictive_parity_diff,,,,,False,0,0,False,insufficient_data
healthcare_readmission,post_processing,logistic_regression,age,accuracy_equality_diff,-0.02159560060662591,-0.030242877400025615,-0.012820012844780496,0.0,True,9010,10889,False,
healthcare_readmission,post_processing,logistic_regression,gender_x_race,intersectional_demographic_parity_diff,0.0,0.0,0.0,1.0,False,2632,7329,False,
healthcare_readmission,post_processing,logistic_regression,gender_x_age,intersectional_demographic_parity_diff,0.0,0.0,0.0,1.0,False,5145,5373,False,
healthcare_readmission,post_processing,logistic_regression,race_x_age,intersectional_demographic_parity_diff,0.0,0.0,0.0,1.0,False,1385,7733,False,
healthcare_readmission,post_processing,random_forest,gender,demographic_parity_diff,0.0,0.0,0.0,1.0,False,10661,9238,False,
healthcare_readmission,post_processing,random_forest,gender,disparate_impact_ratio,1.0,1.0,1.0,1.0,False,10661,9238,False,
healthcare_readmission,post_processing,random_forest,gender,equal_opportunity_diff,0.0,0.0,0.0,1.0,False,1243,991,False,
healthcare_readmission,post_processing,random_forest,gender,equalized_odds_diff,0.0,0.0,0.0,1.0,False,1243,991,False,driven_by_tpr_gap
healthcare_readmission,post_processing,random_forest,gender,predictive_parity_diff,,,,,False,0,0,False,insufficient_data
healthcare_readmission,post_processing,random_forest,gender,accuracy_equality_diff,-0.00931888833533201,-0.01790578311598575,-0.0005003194961558455,0.0385,True,10661,9238,False,
healthcare_readmission,post_processing,random_forest,race,demographic_parity_diff,0.0,0.0,0.0,1.0,False,4541,15358,False,
healthcare_readmission,post_processing,random_forest,race,disparate_impact_ratio,1.0,1.0,1.0,1.0,False,4541,15358,False,
healthcare_readmission,post_processing,random_forest,race,equal_opportunity_diff,0.0,0.0,0.0,1.0,False,467,1767,False,
healthcare_readmission,post_processing,random_forest,race,equalized_odds_diff,0.0,0.0,0.0,1.0,False,467,1767,False,driven_by_tpr_gap
healthcare_readmission,post_processing,random_forest,race,predictive_parity_diff,,,,,False,0,0,False,insufficient_data
healthcare_readmission,post_processing,random_forest,race,accuracy_equality_diff,0.012213259526957843,0.0016925104312865594,0.022848063650886718,0.024,True,4541,15358,False,
healthcare_readmission,post_processing,random_forest,age,demographic_parity_diff,0.0,0.0,0.0,1.0,False,9010,10889,False,
healthcare_readmission,post_processing,random_forest,age,disparate_impact_ratio,1.0,1.0,1.0,1.0,False,9010,10889,False,
healthcare_readmission,post_processing,random_forest,age,equal_opportunity_diff,0.0,0.0,0.0,1.0,False,1118,1116,False,
healthcare_readmission,post_processing,random_forest,age,equalized_odds_diff,0.0,0.0,0.0,1.0,False,1118,1116,False,driven_by_tpr_gap
healthcare_readmission,post_processing,random_forest,age,predictive_parity_diff,,,,,False,0,0,False,insufficient_data
healthcare_readmission,post_processing,random_forest,age,accuracy_equality_diff,-0.02159560060662591,-0.030242877400025615,-0.012820012844780496,0.0,True,9010,10889,False,
healthcare_readmission,post_processing,random_forest,gender_x_race,intersectional_demographic_parity_diff,0.0,0.0,0.0,1.0,False,2632,7329,False,
healthcare_readmission,post_processing,random_forest,gender_x_age,intersectional_demographic_parity_diff,0.0,0.0,0.0,1.0,False,5145,5373,False,
healthcare_readmission,post_processing,random_forest,race_x_age,intersectional_demographic_parity_diff,0.0,0.0,0.0,1.0,False,1385,7733,False,
healthcare_readmission,post_processing,gradient_boosting,gender,demographic_parity_diff,0.0,0.0,0.0,1.0,False,10661,9238,False,
healthcare_readmission,post_processing,gradient_boosting,gender,disparate_impact_ratio,1.0,1.0,1.0,1.0,False,10661,9238,False,
healthcare_readmission,post_processing,gradient_boosting,gender,equal_opportunity_diff,0.0,0.0,0.0,1.0,False,1243,991,False,
healthcare_readmission,post_processing,gradient_boosting,gender,equalized_odds_diff,0.0,0.0,0.0,1.0,False,1243,991,False,driven_by_tpr_gap
healthcare_readmission,post_processing,gradient_boosting,gender,predictive_parity_diff,,,,,False,0,0,False,insufficient_data
healthcare_readmission,post_processing,gradient_boosting,gender,accuracy_equality_diff,-0.00931888833533201,-0.01790578311598575,-0.0005003194961558455,0.0385,True,10661,9238,False,
healthcare_readmission,post_processing,gradient_boosting,race,demographic_parity_diff,0.0,0.0,0.0,1.0,False,4541,15358,False,
healthcare_readmission,post_processing,gradient_boosting,race,disparate_impact_ratio,1.0,1.0,1.0,1.0,False,4541,15358,False,
healthcare_readmission,post_processing,gradient_boosting,race,equal_opportunity_diff,0.0,0.0,0.0,1.0,False,467,1767,False,
healthcare_readmission,post_processing,gradient_boosting,race,equalized_odds_diff,0.0,0.0,0.0,1.0,False,467,1767,False,driven_by_tpr_gap
healthcare_readmission,post_processing,gradient_boosting,race,predictive_parity_diff,,,,,False,0,0,False,insufficient_data
healthcare_readmission,post_processing,gradient_boosting,race,accuracy_equality_diff,0.012213259526957843,0.0016925104312865594,0.022848063650886718,0.024,True,4541,15358,False,
healthcare_readmission,post_processing,gradient_boosting,age,demographic_parity_diff,0.0,0.0,0.0,1.0,False,9010,10889,False,
healthcare_readmission,post_processing,gradient_boosting,age,disparate_impact_ratio,1.0,1.0,1.0,1.0,False,9010,10889,False,
healthcare_readmission,post_processing,gradient_boosting,age,equal_opportunity_diff,0.0,0.0,0.0,1.0,False,1118,1116,False,
healthcare_readmission,post_processing,gradient_boosting,age,equalized_odds_diff,0.0,0.0,0.0,1.0,False,1118,1116,False,driven_by_tpr_gap
healthcare_readmission,post_processing,gradient_boosting,age,predictive_parity_diff,,,,,False,0,0,False,insufficient_data
healthcare_readmission,post_processing,gradient_boosting,age,accuracy_equality_diff,-0.02159560060662591,-0.030242877400025615,-0.012820012844780496,0.0,True,9010,10889,False,
healthcare_readmission,post_processing,gradient_boosting,gender_x_race,intersectional_demographic_parity_diff,0.0,0.0,0.0,1.0,False,2632,7329,False,
healthcare_readmission,post_processing,gradient_boosting,gender_x_age,intersectional_demographic_parity_diff,0.0,0.0,0.0,1.0,False,5145,5373,False,
healthcare_readmission,post_processing,gradient_boosting,race_x_age,intersectional_demographic_parity_diff,0.0,0.0,0.0,1.0,False,1385,7733,False,
insurance_denial,baseline,logistic_regression,age,demographic_parity_diff,-0.023848587835462343,-0.14602132895816244,0.09785538497597568,0.702,False,106,161,False,
insurance_denial,baseline,logistic_regression,age,disparate_impact_ratio,0.9326383895387692,0.6435643261537806,1.336602689724245,0.702,False,106,161,False,
insurance_denial,baseline,logistic_regression,age,equal_opportunity_diff,0.04059672291513816,-0.13475177304964536,0.2193690388848129,0.702,False,47,87,False,
insurance_denial,baseline,logistic_regression,age,equalized_odds_diff,0.04059672291513816,-0.13475177304964536,0.2193690388848129,0.702,False,47,87,False,driven_by_tpr_gap
insurance_denial,baseline,logistic_regression,age,predictive_parity_diff,-0.05513784461152882,-0.1979949874686716,0.08320802005012529,0.494,False,35,57,False,
insurance_denial,baseline,logistic_regression,age,accuracy_equality_diff,0.040900035157623416,-0.0619477323332942,0.14626743232157507,0.466,False,106,161,False,
insurance_denial,baseline,logistic_regression,gender,demographic_parity_diff,-0.017562563124228436,-0.12984373246549205,0.09460357984513522,0.8035,False,134,133,False,
insurance_denial,baseline,logistic_regression,gender,disparate_impact_ratio,0.9503018237092566,0.6741771060005093,1.314440176693661,0.8035,False,134,133,False,
insurance_denial,baseline,logistic_regression,gender,equal_opportunity_diff,0.018270944741533013,-0.14396167557932257,0.18404634581105173,0.867,False,66,68,False,
insurance_denial,baseline,logistic_regression,gender,equalized_odds_diff,-0.03348416289592761,-0.1244343891402715,0.056787330316742074,0.528,False,68,65,False,driven_by_fpr_gap
insurance_denial,baseline,logistic_regression,gender,predictive_parity_diff,0.03877068557919616,-0.0926713947990544,0.16926713947990546,0.743,False,45,47,False,
insurance_denial,baseline,logistic_regression,gender,accuracy_equality_diff,0.03170239030411859,-0.06604898440130172,0.12933453035574005,0.565,False,134,133,False,
insurance_denial,baseline,logistic_regression,age_x_gender,intersectional_demographic_parity_diff,-0.050000000000000044,-0.24098484848484836,0.1575757575757576,0.657,False,33,60,False,superadditive
insurance_denial,baseline,random_forest,age,demographic_parity_diff,-0.10482831360600026,-0.22032696589710538,0.017350287120590648,0.088,False,106,161,False,
insurance_denial,baseline,random_forest,age,disparate_impact_ratio,0.7480997323190605,0.5265224232571031,1.047494988524809,0.088,False,106,161,False,
insurance_denial,baseline,random_forest,age,equal_opportunity_diff,-0.005380288579114656,-0.17730496453900707,0.16825629738322323,1.0,False,47,87,False,
insurance_denial,baseline,random_forest,age,equalized_odds_diff,-0.09780119102153001,-0.19926706367384334,-0.002977553825011456,0.078,False,59,74,False,driven_by_fpr_gap
insurance_denial,baseline,random_forest,age,predictive_parity_diff,0.07327001356852103,-0.061962912709181306,0.2080506558118499,0.3805,False,33,67,False,
insurance_denial,baseline,random_forest,age,accuracy_equality_diff,0.07219031993437253,-0.034102894644322035,0.16956961209422214,0.1985,False,106,161,False,
insurance_denial,baseline,random_forest,gender,demographic_parity_diff,0.0271574458534396,-0.08579564583099507,0.14723375603187072,0.7165,False,134,133,False,
insurance_denial,baseline,random_forest,gender,disparate_impact_ratio,1.0752485477177212,0.7825098836255198,1.4891225391408205,0.7165,False,134,133,False,
insurance_denial,baseline,random_forest,gender,equal_opportunity_diff,-0.040552584670231706,-0.2036653297682709,0.12299465240641705,0.724,False,66,68,False,
insurance_denial,baseline,random_forest,gender,equalized_odds_diff,0.11561085972850679,0.02466063348416289,0.21787330316742082,0.045,True,68,65,False,driven_by_fpr_gap
insurance_denial,baseline,random_forest,gender,predictive_parity_diff,-0.14903846153846156,-0.28525641025641024,-0.014383012820512988,0.038,True,52,48,False,
insurance_denial,baseline,random_forest,gender,accuracy_equality_diff,-0.07316799461339918,-0.17759370441027936,0.02395915161036921,0.1865,False,134,133,False,
insurance_denial,baseline,random_forest,age_x_gender,intersectional_demographic_parity_diff,-0.11363636363636365,-0.31212121212121213,0.09090909090909094,0.3705,False,33,60,False,
insurance_denial,baseline,gradient_boosting,age,demographic_parity_diff,-0.09562873549748035,-0.21388140161725067,0.023612738778858278,0.115,False,106,161,False,
insurance_denial,baseline,gradient_boosting,age,disparate_impact_ratio,0.7594345674365672,0.5220943392602149,1.0688788893080794,0.115,False,106,161,False,
insurance_denial,baseline,gradient_boosting,age,equal_opportunity_diff,-0.04793348006847642,-0.22157006603081442,0.13552824651504006,0.709,False,47,87,False,
insurance_denial,baseline,gradient_boosting,age,equalized_odds_diff,-0.04793348006847642,-0.22157006603081442,0.13552824651504006,0.709,False,47,87,False,driven_by_tpr_gap
insurance_denial,baseline,gradient_boosting,age,predictive_parity_diff,0.0,-0.140625,0.125,1.0,False,32,64,False,
insurance_denial,baseline,gradient_boosting,age,accuracy_equality_diff,0.02525489276924886,-0.08127856556896762,0.1225887729989453,0.6565,False,106,161,False,
insurance_denial,baseline,gradient_boosting,gender,demographic_parity_diff,0.042251150263719006,-0.07782936819661089,0.16199220065088094,0.5235,False,134,133,False,
insurance_denial,baseline,gradient_boosting,gender,disparate_impact_ratio,1.1248752528148,0.798335235101232,1.5674300857083645,0.5235,False,134,133,False,
insurance_denial,baseline,gradient_boosting,gender,equal_opportunity_diff,0.018716577540106916,-0.13101604278074874,0.1827094474153298,0.8615,False,66,68,False,
insurance_denial,baseline,gradient_boosting,gender,equalized_odds_diff,0.08619909502262443,-0.004072398190045248,0.18914027149321266,0.1395,False,68,65,False,driven_by_fpr_gap
insurance_denial,baseline,gradient_boosting,gender,predictive_parity_diff,-0.1098039215686275,-0.24705882352941178,0.018300653594771288,0.1435,False,51,45,False,
insurance_denial,baseline,gradient_boosting,gender,accuracy_equality_diff,-0.028223543934463025,-0.13303781842666362,0.06918555717652335,0.6655,False,134,133,False,
insurance_denial,baseline,gradient_boosting,age_x_gender,intersectional_demographic_parity_diff,-0.06666666666666671,-0.2787878787878788,0.14393939393939392,0.668,False,33,60,False,
insurance_denial,unawareness,logistic_regression,age,demographic_parity_diff,0.0012305168170631542,-0.11771944216570962,0.12270010547287008,1.0,False,106,161,False,
insurance_denial,unawareness,logistic_regression,age,disparate_impact_ratio,1.0035377256780953,0.702760500237863,1.417608568782425,1.0,False,106,161,False,
insurance_denial,unawareness,logistic_regression,age,equal_opportunity_diff,0.029102470041574957,-0.14628882367326962,0.20616287600880412,0.853,False,47,87,False,
insurance_denial,unawareness,logistic_regression,age,equalized_odds_diff,0.07810352725606963,-0.01328447091158956,0.1832340815391663,0.114,False,59,74,False,driven_by_fpr_gap
insurance_denial,unawareness,logistic_regression,age,predictive_parity_diff,-0.13561776061776054,-0.27945222007722,-0.0004826254826254539,0.0485,True,37,56,False,
insurance_denial,unawareness,logistic_regression,age,accuracy_equality_diff,0.0033985702566506903,-0.10289464432204387,0.10648072190319931,1.0,False,106,161,False,
insurance_denial,unawareness,logistic_regression,gender,demographic_parity_diff,-0.0700258107956458,-0.1897093479968578,0.04208422174840086,0.2555,False,134,133,False,
insurance_denial,unawareness,logistic_regression,gender,disparate_impact_ratio,0.8173841461193662,0.5697909987817606,1.1192438670745952,0.2555,False,134,133,False,
insurance_denial,unawareness,logistic_regression,gender,equal_opportunity_diff,-0.026292335115864485,-0.1780637254901956,0.13948306595365423,0.86,False,66,68,False,
insurance_denial,unawareness,logistic_regression,gender,equalized_odds_diff,-0.09366515837104072,-0.18529411764705883,-0.0033936651583710425,0.053,False,68,65,False,driven_by_fpr_gap
insurance_denial,unawareness,logistic_regression,gender,predictive_parity_diff,0.10924369747899154,-0.0056022408963586345,0.23529411764705888,0.1035,False,42,51,False,
insurance_denial,unawareness,logistic_regression,gender,accuracy_equality_diff,0.03916507687128268,-0.06565060038155085,0.14398215688474922,0.467,False,134,133,False,
insurance_denial,unawareness,logistic_regression,age_x_gender,intersectional_demographic_parity_diff,-0.09696969696969698,-0.29393939393939394,0.1106060606060606,0.3625,False,33,60,False,superadditive
insurance_denial,unawareness,random_forest,age,demographic_parity_diff,-0.07353802882925115,-0.19202507910465255,0.04892036798312407,0.244,False,106,161,False,
insurance_denial,unawareness,random_forest,age,disparate_impact_ratio,0.8178524105269611,0.5753142430370247,1.1391505700088638,0.244,False,106,161,False,
insurance_denial,unawareness,random_forest,age,equal_opportunity_diff,-0.005380288579114656,-0.17440083149914395,0.17172291513817542,1.0,False,47,87,False,
insurance_denial,unawareness,random_forest,age,equalized_odds_diff,-0.036875858909757225,-0.14498396701786534,0.06459001374255612,0.5745,False,59,74,False,driven_by_fpr_gap
insurance_denial,unawareness,random_forest,age,predictive_parity_diff,-0.004395604395604491,-0.15164835164835166,0.1297252747252744,1.0,False,35,65,False,
insurance_denial,unawareness,random_forest,age,accuracy_equality_diff,0.040900035157623416,-0.06241064104066574,0.14421071135591232,0.464,False,106,161,False,
insurance_denial,unawareness,random_forest,gender,demographic_parity_diff,-0.047749971944787306,-0.16760184042195037,0.0720457861070587,0.448,False,134,133,False,
insurance_denial,unawareness,random_forest,gender,disparate_impact_ratio,0.8801748993977673,0.6315795914934571,1.208358316912595,0.448,False,134,133,False,
insurance_denial,unawareness,random_forest,gender,equal_opportunity_diff,-0.10026737967914434,-0.25001114081996434,0.06417112299465233,0.2815,False,66,68,False,
insurance_denial,unawareness,random_forest,gender,equalized_odds_diff,-0.10026737967914434,-0.25001114081996434,0.06417112299465233,0.2815,False,66,68,False,driven_by_tpr_gap
insurance_denial,unawareness,random_forest,gender,predictive_parity_diff,-0.057005218787635537,-0.1963067041348856,0.07994781212364478,0.578,False,47,53,False,
insurance_denial,unawareness,random_forest,gender,accuracy_equality_diff,-0.05818651105375372,-0.16288856469532031,0.039334810907866655,0.3185,False,134,133,False,
insurance_denial,unawareness,random_forest,age_x_gender,intersectional_demographic_parity_diff,-0.1772727272727273,-0.37128787878787867,0.025795454545454337,0.1155,False,33,60,False,superadditive
insurance_denial,unawareness,gradient_boosting,age,demographic_parity_diff,-0.07054963084495491,-0.1890308215164655,0.050925817414742704,0.2415,False,106,161,False,
insurance_denial,unawareness,gradient_boosting,age,disparate_impact_ratio,0.8197069597006627,0.5719804235339377,1.1458248013966938,0.2415,False,106,161,False,
insurance_denial,unawareness,gradient_boosting,age,equal_opportunity_diff,-0.03815113719735874,-0.2020909757887013,0.14066397652237686,0.713,False,47,87,False,
insurance_denial,unawareness,gradient_boosting,age,equalized_odds_diff,-0.03815113719735874,-0.2020909757887013,0.14066397652237686,0.713,False,47,87,False,driven_by_tpr_gap
insurance_denial,unawareness,gradient_boosting,age,predictive_parity_diff,-0.051820728291316565,-0.20121381886087764,0.08403361344537819,0.522,False,34,63,False,
insurance_denial,unawareness,gradient_boosting,age,accuracy_equality_diff,0.0066213523965780174,-0.09944333763037627,0.10646900269541781,1.0,False,106,161,False,
insurance_denial,unawareness,gradient_boosting,gender,demographic_parity_diff,-0.01021209740769835,-0.1300639658848614,0.10941813488946248,0.8915,False,134,133,False,
insurance_denial,unawareness,gradient_boosting,gender,disparate_impact_ratio,0.9722815251292506,0.6928757999670061,1.3470138264960172,0.8915,False,134,133,False,
insurance_denial,unawareness,gradient_boosting,gender,equal_opportunity_diff,-0.040552584670231706,-0.20277406417112298,0.12300579322638135,0.7305,False,66,68,False,
insurance_denial,unawareness,gradient_boosting,gender,equalized_odds_diff,0.04140271493212669,-0.048207013574660604,0.13099547511312218,0.536,False,68,65,False,driven_by_fpr_gap
insurance_denial,unawareness,gradient_boosting,gender,predictive_parity_diff,-0.0642006802721089,-0.18877551020408168,0.05994897959183676,0.382,False,48,49,False,
insurance_denial,unawareness,gradient_boosting,gender,accuracy_equality_diff,-0.03579845135226123,-0.13332117607451466,0.061609246998092226,0.561,False,134,133,False,
insurance_denial,unawareness,gradient_boosting,age_x_gender,intersectional_demographic_parity_diff,-0.11363636363636365,-0.3151515151515152,0.084924242424242,0.379,False,33,60,False,superadditive
insurance_denial,unawareness_proxy_removal,logistic_regression,age,demographic_parity_diff,-0.07283487636235786,-0.19707605765850222,0.04588069846478382,0.262,False,106,161,False,
insurance_denial,unawareness_proxy_removal,logistic_regression,age,disparate_impact_ratio,0.8415352759254183,0.6124238837343216,1.1138757267570045,0.262,False,106,161,False,
insurance_denial,unawareness_proxy_removal,logistic_regression,age,equal_opportunity_diff,-0.13132795304475425,-0.3083883590119834,0.04409391049156231,0.153,False,47,87,False,
insurance_denial,unawareness_proxy_removal,logistic_regression,age,equalized_odds_diff,-0.13132795304475425,-0.3083883590119834,0.04409391049156231,0.153,False,47,87,False,driven_by_tpr_gap
insurance_denial,unawareness_proxy_removal,logistic_regression,age,predictive_parity_diff,-0.1687541199736321,-0.3529993408042188,0.012920237310480899,0.092,False,41,74,False,
insurance_denial,unawareness_proxy_removal,logistic_regression,age,accuracy_equality_diff,-0.06703386851048876,-0.18529239423414978,0.0551388726122114,0.301,False,106,161,False,
insurance_denial,unawareness_proxy_removal,logistic_regression,gender,demographic_parity_diff,-0.05566154191448769,-0.16872264616765764,0.06385506677140616,0.3995,False,134,133,False,
insurance_denial,unawareness_proxy_removal,logistic_regression,gender,disparate_impact_ratio,0.8786398535454527,0.6616922226096926,1.1580299050650982,0.3995,False,134,133,False,
insurance_denial,unawareness_proxy_removal,logistic_regression,gender,equal_opportunity_diff,0.03208556149732622,-0.13147281639928698,0.1969808377896613,0.738,False,66,68,False,
insurance_denial,unawareness_proxy_removal,logistic_regression,gender,equalized_odds_diff,-0.13325791855203623,-0.27329185520361954,0.029185520361990958,0.132,False,68,65,False,driven_by_fpr_gap
insurance_denial,unawareness_proxy_removal,logistic_regression,gender,predictive_parity_diff,0.09927140255009104,-0.07321645415907704,0.25749089253187585,0.3235,False,54,61,False,
insurance_denial,unawareness_proxy_removal,logistic_regression,gender,accuracy_equality_diff,0.08506340478060825,-0.03478846369655475,0.19745258669060717,0.1505,False,134,133,False,
insurance_denial,unawareness_proxy_removal,logistic_regression,age_x_gender,intersectional_demographic_parity_diff,-0.21060606060606063,-0.39848484848484855,-0.0030303030303029943,0.068,False,33,60,False,superadditive
insurance_denial,unawareness_proxy_removal,random_forest,age,demographic_parity_diff,-0.0733036446736201,-0.19201921950076178,0.048400328137817916,0.2495,False,106,161,False,
insurance_denial,unawareness_proxy_removal,random_forest,age,disparate_impact_ratio,0.8264432522085817,0.5825803985116204,1.1269016789859931,0.2495,False,106,161,False,
insurance_denial,unawareness_proxy_removal,random_forest,age,equal_opportunity_diff,-0.09855710442651022,-0.2721936903888481,0.08314991440449981,0.2905,False,47,87,False,
insurance_denial,unawareness_proxy_removal,random_forest,age,equalized_odds_diff,-0.09855710442651022,-0.2721936903888481,0.08314991440449981,0.2905,False,47,87,False,driven_by_tpr_gap
insurance_denial,unawareness_proxy_removal,random_forest,age,predictive_parity_diff,-0.13076311605723367,-0.31007551669316363,0.05093402225755134,0.18,False,37,68,False,
insurance_denial,unawareness_proxy_removal,random_forest,age,accuracy_equality_diff,-0.03527481542247746,-0.1574475565451776,0.07424704090003506,0.6035,False,106,161,False,
insurance_denial,unawareness_proxy_removal,random_forest,gender,demographic_parity_diff,0.004544944450678934,-0.11519470317585007,0.11693693188194368,1.0,False,134,133,False,
insurance_denial,unawareness_proxy_removal,random_forest,gender,disparate_impact_ratio,1.0116245397283945,0.748369616433159,1.3706455924581116,1.0,False,134,133,False,
insurance_denial,unawareness_proxy_removal,random_forest,gender,equal_opportunity_diff,0.03208556149732622,-0.13280971479500892,0.19653520499108723,0.738,False,66,68,False,
insurance_denial,unawareness_proxy_removal,random_forest,gender,equalized_odds_diff,0.03208556149732622,-0.13280971479500892,0.19653520499108723,0.738,False,66,68,False,driven_by_tpr_gap
insurance_denial,unawareness_proxy_removal,random_forest,gender,predictive_parity_diff,0.005079825834542806,-0.1658200290275762,0.1763425253991292,1.0,False,53,52,False,
insurance_denial,unawareness_proxy_removal,random_forest,gender,accuracy_equality_diff,0.024856918415441576,-0.08819997755582949,0.13696554819885542,0.719,False,134,133,False,
insurance_denial,unawareness_proxy_removal,random_forest,age_x_gender,intersectional_demographic_parity_diff,-0.12727272727272732,-0.3181818181818182,0.08030303030303032,0.2705,False,33,60,False,superadditive
insurance_denial,unawareness_proxy_removal,gradient_boosting,age,demographic_parity_diff,-0.10529708191726239,-0.21804172037970232,0.009961326614320865,0.086,False,106,161,False,
insurance_denial,unawareness_proxy_removal,gradient_boosting,age,disparate_impact_ratio,0.7220854845173401,0.48211817570083126,1.030660289210159,0.086,False,106,161,False,
insurance_denial,unawareness_proxy_removal,gradient_boosting,age,equal_opportunity_diff,-0.0755685986793837,-0.2492051846417217,0.10785033015407186,0.469,False,47,87,False,
insurance_denial,unawareness_proxy_removal,gradient_boosting,age,equalized_odds_diff,-0.0755685986793837,-0.2492051846417217,0.10785033015407186,0.469,False,47,87,False,driven_by_tpr_gap
insurance_denial,unawareness_proxy_removal,gradient_boosting,age,predictive_parity_diff,-0.00847936687394013,-0.1939372526851328,0.16054267947993217,1.0,False,29,61,True,
insurance_denial,unawareness_proxy_removal,gradient_boosting,age,accuracy_equality_diff,0.02156334231805923,-0.09094105238485883,0.13084495488105008,0.778,False,106,161,False,
insurance_denial,unawareness_proxy_removal,gradient_boosting,gender,demographic_parity_diff,0.04241948153967007,-0.07748849736281,0.161990797890248,0.518,False,134,133,False,
insurance_denial,unawareness_proxy_removal,gradient_boosting,gender,disparate_impact_ratio,1.1343279328371678,0.7939384476721768,1.6212167230556525,0.518,False,134,133,False,
insurance_denial,unawareness_proxy_removal,gradient_boosting,gender,equal_opportunity_diff,0.06149732620320858,-0.08868092691622098,0.22505570409982167,0.4945,False,66,68,False,
insurance_denial,unawareness_proxy_removal,gradient_boosting,gender,equalized_odds_diff,0.06149732620320858,-0.08868092691622098,0.22505570409982167,0.4945,False,66,68,False,driven_by_tpr_gap
insurance_denial,unawareness_proxy_removal,gradient_boosting,gender,predictive_parity_diff,-0.044642857142857095,-0.1964285714285714,0.1071428571428571,0.7865,False,48,42,False,
insurance_denial,unawareness_proxy_removal,gradient_boosting,gender,accuracy_equality_diff,0.017057569296375252,-0.09538772303894061,0.12209628548984397,0.799,False,134,133,False,
insurance_denial,unawareness_proxy_removal,gradient_boosting,age_x_gender,intersectional_demographic_parity_diff,-0.10757575757575755,-0.3015151515151515,0.09393939393939393,0.3565,False,33,60,False,
insurance_denial,in_processing,logistic_regression,age,demographic_parity_diff,0.05877182702449313,-0.06018399156217036,0.1804757998359311,0.4035,False,106,161,False,
insurance_denial,in_processing,logistic_regression,age,disparate_impact_ratio,1.1391506139366845,0.8708065090160388,1.475212053096556,0.4035,False,106,161,False,
insurance_denial,in_processing,logistic_regression,age,equal_opportunity_diff,0.07043286867204696,-0.10837001711910003,0.2509904622157002,0.4985,False,47,87,False,
insurance_denial,in_processing,logistic_regression,age,equalized_odds_diff,0.07237746220797064,-0.08657810352725609,0.2487402656894182,0.4705,False,59,74,False,driven_by_fpr_gap
insurance_denial,in_processing,logistic_regression,age,predictive_parity_diff,-0.10784313725490202,-0.2843137254901961,0.07352941176470595,0.2745,False,51,68,False,
insurance_denial,in_processing,logistic_regression,age,accuracy_equality_diff,0.007031524668932421,-0.11192429391773118,0.12627885854916168,1.0,False,106,161,False,
insurance_denial,in_processing,logistic_regression,gender,demographic_parity_diff,-0.010829312086185594,-0.1306278756592975,0.10179272808887889,0.9125,False,134,133,False,
insurance_denial,in_processing,logistic_regression,gender,disparate_impact_ratio,0.9759950780865322,0.7358062079917053,1.267152627188907,0.9125,False,134,133,False,
insurance_denial,in_processing,logistic_regression,gender,equal_opportunity_diff,0.015151515151515138,-0.1501893939393939,0.1804812834224599,0.856,False,66,68,False,
insurance_denial,in_processing,logistic_regression,gender,equalized_odds_diff,-0.032352941176470584,-0.1995475113122172,0.13416289592760178,0.7345,False,68,65,False,driven_by_fpr_gap
insurance_denial,in_processing,logistic_regression,gender,predictive_parity_diff,0.009604519774011333,-0.17514124293785305,0.1935098870056497,1.0,False,59,60,False,
insurance_denial,in_processing,logistic_regression,gender,accuracy_equality_diff,0.02575468522051394,-0.09420940410728318,0.14527269666704065,0.704,False,134,133,False,
insurance_denial,in_processing,logistic_regression,age_x_gender,intersectional_demographic_parity_diff,0.040909090909090895,-0.17424242424242425,0.2515530303030301,0.8315,False,33,60,False,
insurance_denial,in_processing,random_forest,age,demographic_parity_diff,-0.09838274932614555,-0.21088714402906367,0.026544005625219746,0.1155,False,106,161,False,
insurance_denial,in_processing,random_forest,age,disparate_impact_ratio,0.7704407872104903,0.5437931266744118,1.0707138201472763,0.1155,False,106,161,False,
insurance_denial,in_processing,random_forest,age,equal_opportunity_diff,-0.14111029591587188,-0.3147468818782098,0.03892761066275343,0.1635,False,47,87,False,
insurance_denial,in_processing,random_forest,age,equalized_odds_diff,-0.14111029591587188,-0.3147468818782098,0.03892761066275343,0.1635,False,47,87,False,driven_by_tpr_gap
insurance_denial,in_processing,random_forest,age,predictive_parity_diff,-0.13954451345755692,-0.32505175983436857,0.04793995859213081,0.165,False,35,69,False,
insurance_denial,in_processing,random_forest,age,accuracy_equality_diff,-0.047931559826555725,-0.1698757763975155,0.06757295206844012,0.4405,False,106,161,False,
insurance_denial,in_processing,random_forest,gender,demographic_parity_diff,-0.017899225676130615,-0.13028840758612947,0.09455027494108406,0.8145,False,134,133,False,
insurance_denial,in_processing,random_forest,gender,disparate_impact_ratio,0.9550831879058611,0.7089558367710972,1.2857861103663402,0.8145,False,134,133,False,
insurance_denial,in_processing,random_forest,gender,equal_opportunity_diff,0.0017825311942958333,-0.16131907308377902,0.16711229946524064,1.0,False,66,68,False,
insurance_denial,in_processing,random_forest,gender,equalized_odds_diff,-0.02488687782805432,-0.17264140271493209,0.11153846153846153,0.8265,False,68,65,False,driven_by_fpr_gap
insurance_denial,in_processing,random_forest,gender,predictive_parity_diff,0.008509064002959699,-0.15084165741768357,0.18349981502034785,1.0,False,51,53,False,
insurance_denial,in_processing,random_forest,gender,accuracy_equality_diff,0.017450342273594432,-0.0958323981595778,0.12983952418359335,0.796,False,134,133,False,
insurance_denial,in_processing,random_forest,age_x_gender,intersectional_demographic_parity_diff,-0.20454545454545456,-0.39242424242424245,-0.016666666666666663,0.07,False,33,60,False,superadditive
insurance_denial,in_processing,gradient_boosting,age,demographic_parity_diff,-0.11449666002578224,-0.2272354388843314,-0.0012378413219268686,0.065,False,106,161,False,
insurance_denial,in_processing,gradient_boosting,age,disparate_impact_ratio,0.7119700641979487,0.4773596926387447,0.9968994770961823,0.054,False,106,161,False,
insurance_denial,in_processing,gradient_boosting,age,equal_opportunity_diff,-0.08706285155294702,-0.2589875275128393,0.09639887503056957,0.3755,False,47,87,False,
insurance_denial,in_processing,gradient_boosting,age,equalized_odds_diff,-0.08706285155294702,-0.2589875275128393,0.09639887503056957,0.3755,False,47,87,False,driven_by_tpr_gap
insurance_denial,in_processing,gradient_boosting,age,predictive_parity_diff,-0.012499999999999956,-0.17708333333333337,0.15208333333333335,1.0,False,30,64,False,
insurance_denial,in_processing,gradient_boosting,age,accuracy_equality_diff,0.018340560178131904,-0.09216424469705835,0.12486815891245762,0.787,False,106,161,False,
insurance_denial,in_processing,gradient_boosting,gender,demographic_parity_diff,0.042307260689036064,-0.07771293906407806,0.161990797890248,0.5295,False,134,133,False,
insurance_denial,in_processing,gradient_boosting,gender,disparate_impact_ratio,1.1278829241639292,0.7978253726195559,1.5880574668741634,0.5295,False,134,133,False,
insurance_denial,in_processing,gradient_boosting,gender,equal_opportunity_diff,0.07664884135472372,-0.07264928698752225,0.23975044563279857,0.393,False,66,68,False,
insurance_denial,in_processing,gradient_boosting,gender,equalized_odds_diff,0.07664884135472372,-0.07264928698752225,0.23975044563279857,0.393,False,66,68,False,driven_by_tpr_gap
insurance_denial,in_processing,gradient_boosting,gender,predictive_parity_diff,-0.018181818181818188,-0.16909090909090907,0.13824999999999962,1.0,False,50,44,False,
insurance_denial,in_processing,gradient_boosting,gender,accuracy_equality_diff,0.03209516328133766,-0.08057597351587925,0.13696554819885542,0.5985,False,134,133,False,
insurance_denial,in_processing,gradient_boosting,age_x_gender,intersectional_demographic_parity_diff,-0.12424242424242421,-0.31522727272727263,0.08037878787878748,0.245,False,33,60,False,
insurance_denial,post_processing,logistic_regression,age,demographic_parity_diff,-0.17408883159498417,-0.2865932262979023,-0.06083001289112886,0.0025,True,106,161,False,
insurance_denial,post_processing,logistic_regression,age,disparate_impact_ratio,0.5753297952289472,0.3682119471262022,0.8311254092356423,0.0015,True,106,161,False,
insurance_denial,post_processing,logistic_regression,age,equal_opportunity_diff,-0.2130105160185864,-0.38664710198092445,-0.029591587185130885,0.0345,True,47,87,False,
insurance_denial,post_processing,logistic_regression,age,equalized_odds_diff,-0.2130105160185864,-0.38664710198092445,-0.029591587185130885,0.0345,True,47,87,False,driven_by_tpr_gap
insurance_denial,post_processing,logistic_regression,age,predictive_parity_diff,-0.07757575757575752,-0.2927272727272727,0.12801515151515072,0.579,False,25,66,True,
insurance_denial,post_processing,logistic_regression,age,accuracy_equality_diff,-0.029298019453884994,-0.14777921012539552,0.08941755537325669,0.687,False,106,161,False,
insurance_denial,post_processing,logistic_regression,gender,demographic_parity_diff,0.019919200987543517,-0.09275894961283772,0.13230838289754238,0.798,False,134,133,False,
insurance_denial,post_processing,logistic_regression,gender,disparate_impact_ratio,1.0602101300771816,0.7493410325337556,1.5015290971581383,0.798,False,134,133,False,
insurance_denial,post_processing,logistic_regression,gender,equal_opportunity_diff,0.029857397504456318,-0.12033199643493757,0.1947526737967914,0.738,False,66,68,False,
insurance_denial,post_processing,logistic_regression,gender,equalized_odds_diff,0.029857397504456318,-0.12033199643493757,0.1947526737967914,0.738,False,66,68,False,driven_by_tpr_gap
insurance_denial,post_processing,logistic_regression,gender,predictive_parity_diff,-0.02659574468085102,-0.20261121856866537,0.15087040618955516,0.811,False,47,44,False,
insurance_denial,post_processing,logistic_regression,gender,accuracy_equality_diff,0.01004376613174729,-0.1097533946807317,0.12237683761642915,0.9005,False,134,133,False,
insurance_denial,post_processing,logistic_regression,age_x_gender,intersectional_demographic_parity_diff,-0.23484848484848486,-0.41515151515151516,-0.050000000000000044,0.0325,True,33,60,False,superadditive
insurance_denial,post_processing,random_forest,age,demographic_parity_diff,-0.04084143911871552,-0.1600316418610102,0.08754248212820814,0.5055,False,106,161,False,
insurance_denial,post_processing,random_forest,age,disparate_impact_ratio,0.9188214984151302,0.7024719080528652,1.1948423490340216,0.5055,False,106,161,False,
insurance_denial,post_processing,random_forest,age,equal_opportunity_diff,-0.028368794326241065,-0.19345805820494014,0.148734409391049,0.846,False,47,87,False,
insurance_denial,post_processing,random_forest,age,equalized_odds_diff,-0.028368794326241065,-0.19345805820494014,0.148734409391049,0.846,False,47,87,False,driven_by_tpr_gap
insurance_denial,post_processing,random_forest,age,predictive_parity_diff,-0.10380448475686566,-0.27563618039808513,0.0718065003779289,0.2295,False,49,81,False,
insurance_denial,post_processing,random_forest,age,accuracy_equality_diff,-0.016641275049806614,-0.1385854916207665,0.09586311965311145,0.7905,False,106,161,False,
insurance_denial,post_processing,random_forest,gender,demographic_parity_diff,-0.003647177645606514,-0.13057176523398045,0.11598165189092134,1.0,False,134,133,False,
insurance_denial,post_processing,random_forest,gender,disparate_impact_ratio,0.9925373287026095,0.7692080656955196,1.2632650565218628,1.0,False,134,133,False,
insurance_denial,post_processing,random_forest,gender,equal_opportunity_diff,-0.06996434937611407,-0.22014260249554374,0.09224598930481287,0.484,False,66,68,False,
insurance_denial,post_processing,random_forest,gender,equalized_odds_diff,0.07601809954751132,-0.08778280542986427,0.22579185520361988,0.366,False,68,65,False,driven_by_fpr_gap
insurance_denial,post_processing,random_forest,gender,predictive_parity_diff,-0.09230769230769231,-0.24615384615384617,0.07692307692307687,0.3335,False,65,65,False,
insurance_denial,post_processing,random_forest,gender,accuracy_equality_diff,-0.07243855908427776,-0.18488525418022667,0.03248793625855684,0.2585,False,134,133,False,
insurance_denial,post_processing,random_forest,age_x_gender,intersectional_demographic_parity_diff,-0.07575757575757575,-0.2879545454545453,0.1319318181818175,0.524,False,33,60,False,superadditive
insurance_denial,post_processing,gradient_boosting,age,demographic_parity_diff,-0.10711355912340326,-0.22905191609047232,0.011836399859369517,0.0855,False,106,161,False,
insurance_denial,post_processing,gradient_boosting,age,disparate_impact_ratio,0.7789070843216859,0.5651609720231298,1.0268559558214385,0.0745,False,106,161,False,
insurance_denial,post_processing,gradient_boosting,age,equal_opportunity_diff,-0.001956468574223602,-0.16927732942039614,0.1704878943506968,1.0,False,47,87,False,
insurance_denial,post_processing,gradient_boosting,age,equalized_odds_diff,-0.14796152084287678,-0.300355016032982,0.0009218964727438834,0.083,False,59,74,False,driven_by_fpr_gap
insurance_denial,post_processing,gradient_boosting,age,predictive_parity_diff,0.033333333333333326,-0.142948717948718,0.20961538461538454,0.831,False,40,78,False,
insurance_denial,post_processing,gradient_boosting,age,accuracy_equality_diff,0.08642915738896051,-0.026309621469588707,0.20192195007617486,0.162,False,106,161,False,
insurance_denial,post_processing,gradient_boosting,gender,demographic_parity_diff,0.08657838626416792,-0.03349792391426326,0.20654668387386374,0.1805,False,134,133,False,
insurance_denial,post_processing,gradient_boosting,gender,disparate_impact_ratio,1.2172621976841895,0.9240866383077628,1.6129435630763358,0.1805,False,134,133,False,
insurance_denial,post_processing,gradient_boosting,gender,equal_opportunity_diff,0.07754010695187163,-0.08557263814616754,0.24332664884135463,0.3895,False,66,68,False,
insurance_denial,post_processing,gradient_boosting,gender,equalized_odds_diff,0.1074660633484163,-0.040967194570135736,0.25791855203619907,0.183,False,68,65,False,driven_by_fpr_gap
insurance_denial,post_processing,gradient_boosting,gender,predictive_parity_diff,-0.07082728592162546,-0.2455732946298984,0.09205370101596502,0.4395,False,65,53,False,
insurance_denial,post_processing,gradient_boosting,gender,accuracy_equality_diff,-0.012400403995062259,-0.1320306362922231,0.09263971495903937,0.897,False,134,133,False,
insurance_denial,post_processing,gradient_boosting,age_x_gender,intersectional_demographic_parity_diff,-0.039393939393939426,-0.246969696969697,0.17878787878787877,0.839,False,33,60,False,
tenant_screening,baseline,logistic_regression,race,demographic_parity_diff,0.05425659472422062,0.027586745588238853,0.08036093296616528,0.0,True,2943,2224,False,
tenant_screening,baseline,logistic_regression,race,disparate_impact_ratio,1.0885950584664146,1.0435700475813923,1.134971818982596,0.0,True,2943,2224,False,
tenant_screening,baseline,logistic_regression,race,equal_opportunity_diff,0.03433227334017497,0.004256236855547914,0.06424001481842827,0.0245,True,1711,1270,False,
tenant_screening,baseline,logistic_regression,race,equalized_odds_diff,0.07289709766124863,0.03152753954640748,0.11544594360042469,0.0015,True,1232,954,False,driven_by_fpr_gap
tenant_screening,baseline,logistic_regression,race,predictive_parity_diff,-0.016511965224732528,-0.048183829770036,0.015175279652606502,0.2935,False,1962,1362,False,
tenant_screening,baseline,logistic_regression,race,accuracy_equality_diff,-0.00876943704974864,-0.03296440447030754,0.018063679790112946,0.5135,False,2943,2224,False,
tenant_screening,baseline,random_forest,race,demographic_parity_diff,0.0687242255125563,0.04227882220217711,0.09475723320426226,0.0,True,2943,2224,False,
tenant_screening,baseline,random_forest,race,disparate_impact_ratio,1.115789712139095,1.0694163706313964,1.1641598358102976,0.0,True,2943,2224,False,
tenant_screening,baseline,random_forest,race,equal_opportunity_diff,0.04555884342627825,0.014511774207651295,0.0770401685251062,0.002,True,1711,1270,False,
tenant_screening,baseline,random_forest,race,equalized_odds_diff,0.09145872471344169,0.049793759699420084,0.13301661323477362,0.0,True,1232,954,False,driven_by_fpr_gap
tenant_screening,baseline,random_forest,race,predictive_parity_diff,-0.023810967551347262,-0.0547517957927142,0.007004145482531871,0.1485,False,1949,1320,False,
tenant_screening,baseline,random_forest,race,accuracy_equality_diff,-0.010427437866220801,-0.035213048979776354,0.016054373626481117,0.4195,False,2943,2224,False,
tenant_screening,baseline,gradient_boosting,race,demographic_parity_diff,0.06344114310997684,0.03646772184698726,0.08957497610474316,0.0,True,2943,2224,False,
tenant_screening,baseline,gradient_boosting,race,disparate_impact_ratio,1.1033647416801486,1.0577544589520143,1.149669696869003,0.0,True,2943,2224,False,
tenant_screening,baseline,gradient_boosting,race,equal_opportunity_diff,0.03591489988356944,0.005660915705232972,0.06668219073434051,0.011,True,1711,1270,False,
tenant_screening,baseline,gradient_boosting,race,equalized_odds_diff,0.09176502218955052,0.04983455682158514,0.12991518112390757,0.0,True,1232,954,False,driven_by_fpr_gap
tenant_screening,baseline,gradient_boosting,race,predictive_parity_diff,-0.02566638913854158,-0.05610621607861948,0.005086658616513072,0.113,False,1993,1365,False,
tenant_screening,baseline,gradient_boosting,race,accuracy_equality_diff,-0.01577193902370455,-0.04056657579135472,0.010202075342783922,0.227,False,2943,2224,False,
tenant_screening,unawareness,logistic_regression,race,demographic_parity_diff,0.11855041960315549,0.0908399618225909,0.14503274291881482,0.0,True,2943,2224,False,
tenant_screening,unawareness,logistic_regression,race,disparate_impact_ratio,1.2053393119336355,1.153019822327284,1.2588847086088837,0.0,True,2943,2224,False,
tenant_screening,unawareness,logistic_regression,race,equal_opportunity_diff,0.08979093130600058,0.05960504516859421,0.1205675642093539,0.0,True,1711,1270,False,
tenant_screening,unawareness,logistic_regression,race,equalized_odds_diff,0.1492553568025266,0.10752492070298672,0.19172958527321732,0.0,True,1232,954,False,driven_by_fpr_gap
tenant_screening,unawareness,logistic_regression,race,predictive_parity_diff,-0.03834452881619943,-0.07059409833771411,-0.0073461609837422465,0.021,True,2048,1284,False,
tenant_screening,unawareness,logistic_regression,race,accuracy_equality_diff,-0.009229313796669136,-0.034022227936305396,0.01689556229634025,0.505,False,2943,2224,False,
tenant_screening,unawareness,random_forest,race,demographic_parity_diff,0.08004712438000672,0.052836018646856164,0.10705650693512467,0.0,True,2943,2224,False,
tenant_screening,unawareness,random_forest,race,disparate_impact_ratio,1.1349692982937192,1.0871306266958878,1.1853293547278905,0.0,True,2943,2224,False,
tenant_screening,unawareness,random_forest,race,equal_opportunity_diff,0.04924412210016704,0.019776734147273087,0.07831365596395722,0.0015,True,1711,1270,False,
tenant_screening,unawareness,random_forest,race,equalized_odds_diff,0.11327220997032317,0.07069090500694272,0.15352310163630908,0.0,True,1232,954,False,driven_by_fpr_gap
tenant_screening,unawareness,random_forest,race,predictive_parity_diff,-0.03272445319236306,-0.06354068158498914,-0.0024075188896487973,0.05,False,1981,1319,False,
tenant_screening,unawareness,random_forest,race,accuracy_equality_diff,-0.017432689933679968,-0.04115582152015392,0.008571010164345527,0.171,False,2943,2224,False,
tenant_screening,unawareness,gradient_boosting,race,demographic_parity_diff,0.08522585601243782,0.05821270353747581,0.11132123353305126,0.0,True,2943,2224,False,
tenant_screening,unawareness,gradient_boosting,race,disparate_impact_ratio,1.1411332761662365,1.0930823328299009,1.1892426417008486,0.0,True,2943,2224,False,
tenant_screening,unawareness,gradient_boosting,race,equal_opportunity_diff,0.05707718008071894,0.027561620731073107,0.0872366507590993,0.0,True,1711,1270,False,
tenant_screening,unawareness,gradient_boosting,race,equalized_odds_diff,0.1145246263170791,0.07042391570693457,0.15412629495766292,0.0,True,1232,954,False,driven_by_fpr_gap
tenant_screening,unawareness,gradient_boosting,race,predictive_parity_diff,-0.03075997832283983,-0.062453820379174005,0.0008978361024583909,0.058,False,2028,1343,False,
tenant_screening,unawareness,gradient_boosting,race,accuracy_equality_diff,-0.013194184713391288,-0.038149151932276734,0.01383567076002799,0.307,False,2943,2224,False,
tenant_screening,unawareness_proxy_removal,logistic_regression,race,demographic_parity_diff,0.11393942949615843,0.08800533732035773,0.13845147887805964,0.0,True,2943,2224,False,
tenant_screening,unawareness_proxy_removal,logistic_regression,race,disparate_impact_ratio,1.1863241741283037,1.140490076247389,1.2324926668370408,0.0,True,2943,2224,False,
tenant_screening,unawareness_proxy_removal,logistic_regression,race,equal_opportunity_diff,0.08368684335264642,0.052513242244485635,0.1156222359259446,0.0,True,1711,1270,False,
tenant_screening,unawareness_proxy_removal,logistic_regression,race,equalized_odds_diff,0.149410207193226,0.10862252920035938,0.19337648724441175,0.0,True,1232,954,False,driven_by_fpr_gap
tenant_screening,unawareness_proxy_removal,logistic_regression,race,predictive_parity_diff,-0.028962322633971693,-0.06108223412315751,0.0020730730816917397,0.0725,False,2135,1360,False,
tenant_screening,unawareness_proxy_removal,logistic_regression,race,accuracy_equality_diff,-0.011976351640400229,-0.03858906376427907,0.014797584715102579,0.3985,False,2943,2224,False,
tenant_screening,unawareness_proxy_removal,random_forest,race,demographic_parity_diff,0.062477693686029734,0.03521764392767127,0.08884223278869255,0.0,True,2943,2224,False,
tenant_screening,unawareness_proxy_removal,random_forest,race,disparate_impact_ratio,1.105665517686402,1.0579651809093304,1.1548541343254493,0.0,True,2943,2224,False,
tenant_screening,unawareness_proxy_removal,random_forest,race,equal_opportunity_diff,0.06141318103793425,0.02660807558318795,0.09385344712536293,0.001,True,1711,1270,False,
tenant_screening,unawareness_proxy_removal,random_forest,race,equalized_odds_diff,0.06141318103793425,0.02660807558318795,0.09385344712536293,0.001,True,1711,1270,False,driven_by_tpr_gap
tenant_screening,unawareness_proxy_removal,random_forest,race,predictive_parity_diff,0.0015556943313597138,-0.030387036275819585,0.0348413377548358,0.9425,False,1924,1315,False,
tenant_screening,unawareness_proxy_removal,random_forest,race,accuracy_equality_diff,0.012935370358147735,-0.012726114979576004,0.039097678279394824,0.361,False,2943,2224,False,
tenant_screening,unawareness_proxy_removal,gradient_boosting,race,demographic_parity_diff,0.0716575057996417,0.04519514357932624,0.09708854094094749,0.0,True,2943,2224,False,
tenant_screening,unawareness_proxy_removal,gradient_boosting,race,disparate_impact_ratio,1.1152321306016955,1.0709037792449096,1.1599420945279393,0.0,True,2943,2224,False,
tenant_screening,unawareness_proxy_removal,gradient_boosting,race,equal_opportunity_diff,0.04863527798358924,0.018096740866187767,0.08001019342190642,0.0005,True,1711,1270,False,
tenant_screening,unawareness_proxy_removal,gradient_boosting,race,equalized_odds_diff,0.0955971439462005,0.055009367597811054,0.13945983589261896,0.0,True,1232,954,False,driven_by_fpr_gap
tenant_screening,unawareness_proxy_removal,gradient_boosting,race,predictive_parity_diff,-0.0201257447205746,-0.05229361714640193,0.011108501319479935,0.2175,False,2041,1383,False,
tenant_screening,unawareness_proxy_removal,gradient_boosting,race,accuracy_equality_diff,-0.009702177096243436,-0.03488554721971658,0.016380664581484627,0.4795,False,2943,2224,False,
tenant_screening,in_processing,logistic_regression,race,demographic_parity_diff,0.017156916668500055,-0.009485485006490194,0.04093948847038573,0.1785,False,2943,2224,False,
tenant_screening,in_processing,logistic_regression,race,disparate_impact_ratio,1.0242112492543944,0.9868291595296981,1.0586579545339774,0.1785,False,2943,2224,False,
tenant_screening,in_processing,logistic_regression,race,equal_opportunity_diff,0.010125772560136581,-0.019706967882667504,0.039528030759743524,0.499,False,1711,1270,False,
tenant_screening,in_processing,logistic_regression,race,equalized_odds_diff,0.0220704348062839,-0.018086695798959992,0.06359760849737274,0.2965,False,1232,954,False,driven_by_fpr_gap
tenant_screening,in_processing,logistic_regression,race,predictive_parity_diff,0.00429903610334792,-0.025727140725108823,0.035030787182265745,0.8165,False,2136,1576,False,
tenant_screening,in_processing,logistic_regression,race,accuracy_equality_diff,0.0006722450785549006,-0.025971623312970486,0.027418218330534365,0.978,False,2943,2224,False,
tenant_screening,in_processing,random_forest,race,demographic_parity_diff,0.0570103550187373,0.030007503935689368,0.0839737269817174,0.0,True,2943,2224,False,
tenant_screening,in_processing,random_forest,race,disparate_impact_ratio,1.0970833182606217,1.0497830294843482,1.1470573760508895,0.0,True,2943,2224,False,
tenant_screening,in_processing,random_forest,race,equal_opportunity_diff,0.05685950565355247,0.022772484203647542,0.0898842252769252,0.0005,True,1711,1270,False,
tenant_screening,in_processing,random_forest,race,equalized_odds_diff,0.05685950565355247,0.022772484203647542,0.0898842252769252,0.0005,True,1711,1270,False,driven_by_tpr_gap
tenant_screening,in_processing,random_forest,race,predictive_parity_diff,0.0035732516590096797,-0.02979392417986444,0.03653989054089852,0.8415,False,1896,1306,False,
tenant_screening,in_processing,random_forest,race,accuracy_equality_diff,0.01286371514409268,-0.014717186495451916,0.03914264612774608,0.356,False,2943,2224,False,
tenant_screening,in_processing,gradient_boosting,race,demographic_parity_diff,0.019578373998049292,-0.005338263792635677,0.045201594840335736,0.139,False,2943,2224,False,
tenant_screening,in_processing,gradient_boosting,race,disparate_impact_ratio,1.0292426049268693,0.9921211362742789,1.068774211417512,0.139,False,2943,2224,False,
tenant_screening,in_processing,gradient_boosting,race,equal_opportunity_diff,-0.0024726526367138124,-0.031819111630625355,0.026288743056738045,0.878,False,1711,1270,False,
tenant_screening,in_processing,gradient_boosting,race,equalized_odds_diff,0.04237455416700703,-0.0008067109777015438,0.08539484297149384,0.053,False,1232,954,False,driven_by_fpr_gap
tenant_screening,in_processing,gradient_boosting,race,predictive_parity_diff,-0.009523487825910726,-0.04141440584006575,0.023048799347747978,0.5505,False,2028,1489,False,
tenant_screening,in_processing,gradient_boosting,race,accuracy_equality_diff,-0.01613770145962745,-0.04186060555225537,0.009275099033922634,0.222,False,2943,2224,False,
tenant_screening,post_processing,logistic_regression,race,demographic_parity_diff,-0.005432962498502669,-0.03097704176108655,0.01858350475582831,0.689,False,2943,2224,False,
tenant_screening,post_processing,logistic_regression,race,disparate_impact_ratio,0.9920923488154099,0.9560088957178644,1.0275814193070905,0.689,False,2943,2224,False,
tenant_screening,post_processing,logistic_regression,race,equal_opportunity_diff,-0.01653175147378938,-0.048342441451101385,0.014162172050235403,0.272,False,1711,1270,False,
tenant_screening,post_processing,logistic_regression,race,equalized_odds_diff,-0.01653175147378938,-0.048342441451101385,0.014162172050235403,0.272,False,1711,1270,False,driven_by_tpr_gap
tenant_screening,post_processing,logistic_regression,race,predictive_parity_diff,0.0031078231274761503,-0.02712185759475494,0.0351407655306332,0.8335,False,2006,1528,False,
tenant_screening,post_processing,logistic_regression,race,accuracy_equality_diff,-0.007799265175015946,-0.03505827600916211,0.02026920130562217,0.5995,False,2943,2224,False,
tenant_screening,post_processing,random_forest,race,demographic_parity_diff,0.008492899869706694,-0.017990638070583306,0.03350449227773742,0.542,False,2943,2224,False,
tenant_screening,post_processing,random_forest,race,disparate_impact_ratio,1.0129371099575994,0.9728499873044459,1.0523451087032125,0.542,False,2943,2224,False,
tenant_screening,post_processing,random_forest,race,equal_opportunity_diff,0.0012457604108662146,-0.028886270864300956,0.03290747226146696,0.9635,False,1711,1270,False,
tenant_screening,post_processing,random_forest,race,equalized_odds_diff,0.012245092433771698,-0.02777263027852654,0.05773707424650813,0.5585,False,1232,954,False,driven_by_fpr_gap
tenant_screening,post_processing,random_forest,race,predictive_parity_diff,0.004486528863720696,-0.027108010583714183,0.035614294664044054,0.7955,False,1957,1460,False,
tenant_screening,post_processing,random_forest,race,accuracy_equality_diff,-0.001542496889338607,-0.0280269897232061,0.02492280258362117,0.9235,False,2943,2224,False,
tenant_screening,post_processing,gradient_boosting,race,demographic_parity_diff,-0.013782399157126979,-0.04054418544674965,0.012515912346575312,0.321,False,2943,2224,False,
tenant_screening,post_processing,gradient_boosting,race,disparate_impact_ratio,0.979162468128634,0.9398676418122811,1.0194047946214444,0.321,False,2943,2224,False,
tenant_screening,post_processing,gradient_boosting,race,equal_opportunity_diff,-0.027530982940399573,-0.058806805892396126,0.0016125280146527293,0.076,False,1711,1270,False,
tenant_screening,post_processing,gradient_boosting,race,equalized_odds_diff,-0.027530982940399573,-0.058806805892396126,0.0016125280146527293,0.076,False,1711,1270,False,driven_by_tpr_gap
tenant_screening,post_processing,gradient_boosting,race,predictive_parity_diff,0.0026981951874042176,-0.03144799991154632,0.03361588293577903,0.8795,False,1906,1471,False,
tenant_screening,post_processing,gradient_boosting,race,accuracy_equality_diff,-0.012060229492247276,-0.03802349557662735,0.013583021197720754,0.3705,False,2943,2224,False,
